시리즈,선형번호,전저항_Rt/Δ×10³,레이놀즈수_Rn,프루드수_Fn,주형계수_Cp,중앙단면계수_Cm,방형계수_Cb,수선면계수_Cw,길이폭비_L/B,폭흘수비_B/T,길이흘수비_L/T,세장비_L/∇^(1/3),부심위치_LCB/L,부면심위치_LCF/L,LCB/LCF,침수면적비_S/∇^(2/3),수선면적비_Aw/∇^(2/3),S/Aw,S/Ax,Ax/Aw
Delft,Delft-1,0.367053553,9870388.981,0.099954117,0.564413502,0.646409597,0.364842305,0.688295991,3.154574163,3.992443385,12.59445875,4.775347934,-0.022899999,-0.033299999,0.687687685,5.723559304,4.97558945,1.150327888,15.42654257,0.074568095
Delft,Delft-1,1.012177978,14805583.47,0.149931176,0.564413502,0.646409597,0.364842305,0.688295991,3.154574163,3.992443385,12.59445875,4.775347934,-0.022899999,-0.033299999,0.687687685,5.723559304,4.97558945,1.150327888,15.42654257,0.074568095
Delft,Delft-1,1.924250442,19740777.96,0.199908234,0.564413502,0.646409597,0.364842305,0.688295991,3.154574163,3.992443385,12.59445875,4.775347934,-0.022899999,-0.033299999,0.687687685,5.723559304,4.97558945,1.150327888,15.42654257,0.074568095
Delft,Delft-1,3.525938671,24675972.45,0.249885293,0.564413502,0.646409597,0.364842305,0.688295991,3.154574163,3.992443385,12.59445875,4.775347934,-0.022899999,-0.033299999,0.687687685,5.723559304,4.97558945,1.150327888,15.42654257,0.074568095
Delft,Delft-1,6.028576529,29641077.21,0.300165243,0.564413502,0.646409597,0.364842305,0.688295991,3.154574163,3.992443385,12.59445875,4.775347934,-0.022899999,-0.033299999,0.687687685,5.723559304,4.97558945,1.150327888,15.42654257,0.074568095
Delft,Delft-1,10.07728844,34576271.7,0.350142301,0.564413502,0.646409597,0.364842305,0.688295991,3.154574163,3.992443385,12.59445875,4.775347934,-0.022899999,-0.033299999,0.687687685,5.723559304,4.97558945,1.150327888,15.42654257,0.074568095
Delft,Delft-1,23.04651396,39501496.1,0.400018396,0.564413502,0.646409597,0.364842305,0.688295991,3.154574163,3.992443385,12.59445875,4.775347934,-0.022899999,-0.033299999,0.687687685,5.723559304,4.97558945,1.150327888,15.42654257,0.074568095
Delft,Delft-1,48.38433192,44436690.59,0.449995455,0.564413502,0.646409597,0.364842305,0.688295991,3.154574163,3.992443385,12.59445875,4.775347934,-0.022899999,-0.033299999,0.687687685,5.723559304,4.97558945,1.150327888,15.42654257,0.074568095
Delft,Delft-1,83.64371863,49381855.17,0.500073477,0.564413502,0.646409597,0.364842305,0.688295991,3.154574163,3.992443385,12.59445875,4.775347934,-0.022899999,-0.033299999,0.687687685,5.723559304,4.97558945,1.150327888,15.42654257,0.074568095
Delft,Delft-1,114.9211304,54307079.57,0.549949572,0.564413502,0.646409597,0.364842305,0.688295991,3.154574163,3.992443385,12.59445875,4.775347934,-0.022899999,-0.033299999,0.687687685,5.723559304,4.97558945,1.150327888,15.42654257,0.074568095
Delft,Delft-1,131.8278395,59242274.06,0.599926631,0.564413502,0.646409597,0.364842305,0.688295991,3.154574163,3.992443385,12.59445875,4.775347934,-0.022899999,-0.033299999,0.687687685,5.723559304,4.97558945,1.150327888,15.42654257,0.074568095
Delft,Delft-2,0.389426578,9870388.981,0.099954117,0.567367424,0.646341669,0.366713208,0.690833066,3.623188502,3.04299897,11.02535888,4.775868614,-0.023,-0.0334,0.688622759,5.421911768,4.348975172,1.246710214,14.69160399,0.084858686
Delft,Delft-2,1.03476205,14805583.47,0.149931176,0.567367424,0.646341669,0.366713208,0.690833066,3.623188502,3.04299897,11.02535888,4.775868614,-0.023,-0.0334,0.688622759,5.421911768,4.348975172,1.246710214,14.69160399,0.084858686
Delft,Delft-2,1.936006416,19740777.96,0.199908234,0.567367424,0.646341669,0.366713208,0.690833066,3.623188502,3.04299897,11.02535888,4.775868614,-0.023,-0.0334,0.688622759,5.421911768,4.348975172,1.246710214,14.69160399,0.084858686
Delft,Delft-2,3.282309728,24675972.45,0.249885293,0.567367424,0.646341669,0.366713208,0.690833066,3.623188502,3.04299897,11.02535888,4.775868614,-0.023,-0.0334,0.688622759,5.421911768,4.348975172,1.246710214,14.69160399,0.084858686
Delft,Delft-2,5.808019248,29641077.21,0.300165243,0.567367424,0.646341669,0.366713208,0.690833066,3.623188502,3.04299897,11.02535888,4.775868614,-0.023,-0.0334,0.688622759,5.421911768,4.348975172,1.246710214,14.69160399,0.084858686
Delft,Delft-2,9.657779132,34576271.7,0.350142301,0.567367424,0.646341669,0.366713208,0.690833066,3.623188502,3.04299897,11.02535888,4.775868614,-0.023,-0.0334,0.688622759,5.421911768,4.348975172,1.246710214,14.69160399,0.084858686
Delft,Delft-2,24.38923025,39501496.1,0.400018396,0.567367424,0.646341669,0.366713208,0.690833066,3.623188502,3.04299897,11.02535888,4.775868614,-0.023,-0.0334,0.688622759,5.421911768,4.348975172,1.246710214,14.69160399,0.084858686
Delft,Delft-2,52.7061057,44436690.59,0.449995455,0.567367424,0.646341669,0.366713208,0.690833066,3.623188502,3.04299897,11.02535888,4.775868614,-0.023,-0.0334,0.688622759,5.421911768,4.348975172,1.246710214,14.69160399,0.084858686
Delft,Delft-2,90.62512792,49381855.17,0.500073477,0.567367424,0.646341669,0.366713208,0.690833066,3.623188502,3.04299897,11.02535888,4.775868614,-0.023,-0.0334,0.688622759,5.421911768,4.348975172,1.246710214,14.69160399,0.084858686
Delft,Delft-2,116.8502263,54307079.57,0.549949572,0.567367424,0.646341669,0.366713208,0.690833066,3.623188502,3.04299897,11.02535888,4.775868614,-0.023,-0.0334,0.688622759,5.421911768,4.348975172,1.246710214,14.69160399,0.084858686
Delft,Delft-2,132.8055895,59242274.06,0.599926631,0.567367424,0.646341669,0.366713208,0.690833066,3.623188502,3.04299897,11.02535888,4.775868614,-0.023,-0.0334,0.688622759,5.421911768,4.348975172,1.246710214,14.69160399,0.084858686
Delft,Delft-3,0.523971282,9870388.981,0.099954117,0.571554043,0.646673395,0.369608793,0.694780162,2.747252675,5.345080853,14.68428767,4.778993042,-0.023,-0.033199999,0.69277112,6.249375267,5.775925742,1.081969462,17.06987352,0.063384738
Delft,Delft-3,0.847272711,12342971.27,0.124993128,0.571554043,0.646673395,0.369608793,0.694780162,2.747252675,5.345080853,14.68428767,4.778993042,-0.023,-0.033199999,0.69277112,6.249375267,5.775925742,1.081969462,17.06987352,0.063384738
Delft,Delft-3,1.17057414,14805583.47,0.149931176,0.571554043,0.646673395,0.369608793,0.694780162,2.747252675,5.345080853,14.68428767,4.778993042,-0.023,-0.033199999,0.69277112,6.249375267,5.775925742,1.081969462,17.06987352,0.063384738
Delft,Delft-3,1.58306217,17268195.67,0.174869223,0.571554043,0.646673395,0.369608793,0.694780162,2.747252675,5.345080853,14.68428767,4.778993042,-0.023,-0.033199999,0.69277112,6.249375267,5.775925742,1.081969462,17.06987352,0.063384738
Delft,Delft-3,2.408038231,19740777.96,0.199908234,0.571554043,0.646673395,0.369608793,0.694780162,2.747252675,5.345080853,14.68428767,4.778993042,-0.023,-0.033199999,0.69277112,6.249375267,5.775925742,1.081969462,17.06987352,0.063384738
Delft,Delft-3,3.12153104,22233300.43,0.225149173,0.571554043,0.646673395,0.369608793,0.694780162,2.747252675,5.345080853,14.68428767,4.778993042,-0.023,-0.033199999,0.69277112,6.249375267,5.775925742,1.081969462,17.06987352,0.063384738
Delft,Delft-3,4.035693701,24675972.45,0.249885293,0.571554043,0.646673395,0.369608793,0.694780162,2.747252675,5.345080853,14.68428767,4.778993042,-0.023,-0.033199999,0.69277112,6.249375267,5.775925742,1.081969462,17.06987352,0.063384738
Delft,Delft-3,7.079186465,29641077.21,0.300165243,0.571554043,0.646673395,0.369608793,0.694780162,2.747252675,5.345080853,14.68428767,4.778993042,-0.023,-0.033199999,0.69277112,6.249375267,5.775925742,1.081969462,17.06987352,0.063384738
Delft,Delft-3,12.07363613,34626122.15,0.35064712,0.571554043,0.646673395,0.369608793,0.694780162,2.747252675,5.345080853,14.68428767,4.778993042,-0.023,-0.033199999,0.69277112,6.249375267,5.775925742,1.081969462,17.06987352,0.063384738
Delft,Delft-3,24.96109999,39581256.82,0.400826106,0.571554043,0.646673395,0.369608793,0.694780162,2.747252675,5.345080853,14.68428767,4.778993042,-0.023,-0.033199999,0.69277112,6.249375267,5.775925742,1.081969462,17.06987352,0.063384738
Delft,Delft-3,50.24550141,44336989.69,0.448985817,0.571554043,0.646673395,0.369608793,0.694780162,2.747252675,5.345080853,14.68428767,4.778993042,-0.023,-0.033199999,0.69277112,6.249375267,5.775925742,1.081969462,17.06987352,0.063384738
Delft,Delft-3,87.96028537,49322034.63,0.499467695,0.571554043,0.646673395,0.369608793,0.694780162,2.747252675,5.345080853,14.68428767,4.778993042,-0.023,-0.033199999,0.69277112,6.249375267,5.775925742,1.081969462,17.06987352,0.063384738
Delft,Delft-3,123.7464091,54307079.57,0.549949572,0.571554043,0.646673395,0.369608793,0.694780162,2.747252675,5.345080853,14.68428767,4.778993042,-0.023,-0.033199999,0.69277112,6.249375267,5.775925742,1.081969462,17.06987352,0.063384738
Delft,Delft-3,140.5023418,59292124.51,0.600431449,0.571554043,0.646673395,0.369608793,0.694780162,2.747252675,5.345080853,14.68428767,4.778993042,-0.023,-0.033199999,0.69277112,6.249375267,5.775925742,1.081969462,17.06987352,0.063384738
Delft,Delft-3,150.5692794,64287139.54,0.65101429,0.571554043,0.646673395,0.369608793,0.694780162,2.747252675,5.345080853,14.68428767,4.778993042,-0.023,-0.033199999,0.69277112,6.249375267,5.775925742,1.081969462,17.06987352,0.063384738
Delft,Delft-4,0.405858591,9870388.981,0.099954117,0.567669204,0.646352692,0.366914518,0.691192394,3.50877198,3.947368407,13.85041566,5.097427046,-0.022899999,-0.033299999,0.687687685,5.896750782,5.11853694,1.152038337,17.06314678,0.067516171
Delft,Delft-4,0.91994614,14805583.47,0.149931176,0.567669204,0.646352692,0.366914518,0.691192394,3.50877198,3.947368407,13.85041566,5.097427046,-0.022899999,-0.033299999,0.687687685,5.896750782,5.11853694,1.152038337,17.06314678,0.067516171
Delft,Delft-4,2.178107772,19740777.96,0.199908234,0.567669204,0.646352692,0.366914518,0.691192394,3.50877198,3.947368407,13.85041566,5.097427046,-0.022899999,-0.033299999,0.687687685,5.896750782,5.11853694,1.152038337,17.06314678,0.067516171
Delft,Delft-4,3.706841799,24675972.45,0.249885293,0.567669204,0.646352692,0.366914518,0.691192394,3.50877198,3.947368407,13.85041566,5.097427046,-0.022899999,-0.033299999,0.687687685,5.896750782,5.11853694,1.152038337,17.06314678,0.067516171
Delft,Delft-4,6.412565739,29641077.21,0.300165243,0.567669204,0.646352692,0.366914518,0.691192394,3.50877198,3.947368407,13.85041566,5.097427046,-0.022899999,-0.033299999,0.687687685,5.896750782,5.11853694,1.152038337,17.06314678,0.067516171
Delft,Delft-4,10.89053886,34576271.7,0.350142301,0.567669204,0.646352692,0.366914518,0.691192394,3.50877198,3.947368407,13.85041566,5.097427046,-0.022899999,-0.033299999,0.687687685,5.896750782,5.11853694,1.152038337,17.06314678,0.067516171
Delft,Delft-4,23.59391276,39501496.1,0.400018396,0.567669204,0.646352692,0.366914518,0.691192394,3.50877198,3.947368407,13.85041566,5.097427046,-0.022899999,-0.033299999,0.687687685,5.896750782,5.11853694,1.152038337,17.06314678,0.067516171
Delft,Delft-4,47.49898378,44436690.59,0.449995455,0.567669204,0.646352692,0.366914518,0.691192394,3.50877198,3.947368407,13.85041566,5.097427046,-0.022899999,-0.033299999,0.687687685,5.896750782,5.11853694,1.152038337,17.06314678,0.067516171
Delft,Delft-4,80.60351619,49381855.17,0.500073477,0.567669204,0.646352692,0.366914518,0.691192394,3.50877198,3.947368407,13.85041566,5.097427046,-0.022899999,-0.033299999,0.687687685,5.896750782,5.11853694,1.152038337,17.06314678,0.067516171
Delft,Delft-4,107.2684256,54307079.57,0.549949572,0.567669204,0.646352692,0.366914518,0.691192394,3.50877198,3.947368407,13.85041566,5.097427046,-0.022899999,-0.033299999,0.687687685,5.896750782,5.11853694,1.152038337,17.06314678,0.067516171
Delft,Delft-4,123.9492137,59242274.06,0.599926631,0.567669204,0.646352692,0.366914518,0.691192394,3.50877198,3.947368407,13.85041566,5.097427046,-0.022899999,-0.033299999,0.687687685,5.896750782,5.11853694,1.152038337,17.06314678,0.067516171
Delft,Delft-5,0.312358075,9870388.981,0.099954117,0.558845197,0.64650021,0.361293537,0.683324383,2.747252675,3.956521814,10.86956514,4.35595643,-0.024099999,-0.0343,0.702623886,5.438242885,4.71949323,1.152293821,13.23834363,0.087042145
Delft,Delft-5,0.979284775,14805583.47,0.149931176,0.558845197,0.64650021,0.361293537,0.683324383,2.747252675,3.956521814,10.86956514,4.35595643,-0.024099999,-0.0343,0.702623886,5.438242885,4.71949323,1.152293821,13.23834363,0.087042145
Delft,Delft-5,1.815053678,19740777.96,0.199908234,0.558845197,0.64650021,0.361293537,0.683324383,2.747252675,3.956521814,10.86956514,4.35595643,-0.024099999,-0.0343,0.702623886,5.438242885,4.71949323,1.152293821,13.23834363,0.087042145
Delft,Delft-5,3.368401941,24675972.45,0.249885293,0.558845197,0.64650021,0.361293537,0.683324383,2.747252675,3.956521814,10.86956514,4.35595643,-0.024099999,-0.0343,0.702623886,5.438242885,4.71949323,1.152293821,13.23834363,0.087042145
Delft,Delft-5,5.841940209,29641077.21,0.300165243,0.558845197,0.64650021,0.361293537,0.683324383,2.747252675,3.956521814,10.86956514,4.35595643,-0.024099999,-0.0343,0.702623886,5.438242885,4.71949323,1.152293821,13.23834363,0.087042145
Delft,Delft-5,10.18118481,34576271.7,0.350142301,0.558845197,0.64650021,0.361293537,0.683324383,2.747252675,3.956521814,10.86956514,4.35595643,-0.024099999,-0.0343,0.702623886,5.438242885,4.71949323,1.152293821,13.23834363,0.087042145
Delft,Delft-5,23.40997139,39501496.1,0.400018396,0.558845197,0.64650021,0.361293537,0.683324383,2.747252675,3.956521814,10.86956514,4.35595643,-0.024099999,-0.0343,0.702623886,5.438242885,4.71949323,1.152293821,13.23834363,0.087042145
Delft,Delft-5,50.47537646,44436690.59,0.449995455,0.558845197,0.64650021,0.361293537,0.683324383,2.747252675,3.956521814,10.86956514,4.35595643,-0.024099999,-0.0343,0.702623886,5.438242885,4.71949323,1.152293821,13.23834363,0.087042145
Delft,Delft-5,93.87626463,49381855.17,0.500073477,0.558845197,0.64650021,0.361293537,0.683324383,2.747252675,3.956521814,10.86956514,4.35595643,-0.024099999,-0.0343,0.702623886,5.438242885,4.71949323,1.152293821,13.23834363,0.087042145
Delft,Delft-5,139.5396383,54307079.57,0.549949572,0.558845197,0.64650021,0.361293537,0.683324383,2.747252675,3.956521814,10.86956514,4.35595643,-0.024099999,-0.0343,0.702623886,5.438242885,4.71949323,1.152293821,13.23834363,0.087042145
Delft,Delft-5,162.6879043,59242274.06,0.599926631,0.558845197,0.64650021,0.361293537,0.683324383,2.747252675,3.956521814,10.86956514,4.35595643,-0.024099999,-0.0343,0.702623886,5.438242885,4.71949323,1.152293821,13.23834363,0.087042145
Delft,Delft-6,0.191931918,9870388.981,0.099954117,0.561467448,0.646331918,0.362894333,0.685426078,3.154574163,2.979323326,9.398496387,4.339166466,-0.024000001,-0.034199999,0.701754427,5.147299934,4.091028502,1.258192147,12.54037055,0.100331337
Delft,Delft-6,0.901245527,14805583.47,0.149931176,0.561467448,0.646331918,0.362894333,0.685426078,3.154574163,2.979323326,9.398496387,4.339166466,-0.024000001,-0.034199999,0.701754427,5.147299934,4.091028502,1.258192147,12.54037055,0.100331337
Delft,Delft-6,1.844215384,19740777.96,0.199908234,0.561467448,0.646331918,0.362894333,0.685426078,3.154574163,2.979323326,9.398496387,4.339166466,-0.024000001,-0.034199999,0.701754427,5.147299934,4.091028502,1.258192147,12.54037055,0.100331337
Delft,Delft-6,3.221118272,24675972.45,0.249885293,0.561467448,0.646331918,0.362894333,0.685426078,3.154574163,2.979323326,9.398496387,4.339166466,-0.024000001,-0.034199999,0.701754427,5.147299934,4.091028502,1.258192147,12.54037055,0.100331337
Delft,Delft-6,5.7412678,29661017.39,0.30036717,0.561467448,0.646331918,0.362894333,0.685426078,3.154574163,2.979323326,9.398496387,4.339166466,-0.024000001,-0.034199999,0.701754427,5.147299934,4.091028502,1.258192147,12.54037055,0.100331337
Delft,Delft-6,9.688389413,34675972.6,0.351151939,0.561467448,0.646331918,0.362894333,0.685426078,3.154574163,2.979323326,9.398496387,4.339166466,-0.024000001,-0.034199999,0.701754427,5.147299934,4.091028502,1.258192147,12.54037055,0.100331337
Delft,Delft-6,24.27521516,39631107.27,0.401330925,0.561467448,0.646331918,0.362894333,0.685426078,3.154574163,2.979323326,9.398496387,4.339166466,-0.024000001,-0.034199999,0.701754427,5.147299934,4.091028502,1.258192147,12.54037055,0.100331337
Delft,Delft-6,55.93563672,44366899.96,0.449288708,0.561467448,0.646331918,0.362894333,0.685426078,3.154574163,2.979323326,9.398496387,4.339166466,-0.024000001,-0.034199999,0.701754427,5.147299934,4.091028502,1.258192147,12.54037055,0.100331337
Delft,Delft-6,103.1926128,49381855.17,0.500073477,0.561467448,0.646331918,0.362894333,0.685426078,3.154574163,2.979323326,9.398496387,4.339166466,-0.024000001,-0.034199999,0.701754427,5.147299934,4.091028502,1.258192147,12.54037055,0.100331337
Delft,Delft-6,151.9933891,54366900.11,0.550555354,0.561467448,0.646331918,0.362894333,0.685426078,3.154574163,2.979323326,9.398496387,4.339166466,-0.024000001,-0.034199999,0.701754427,5.147299934,4.091028502,1.258192147,12.54037055,0.100331337
Delft,Delft-6,179.9486902,59341974.96,0.600936268,0.561467448,0.646331918,0.362894333,0.685426078,3.154574163,2.979323326,9.398496387,4.339166466,-0.024000001,-0.034199999,0.701754427,5.147299934,4.091028502,1.258192147,12.54037055,0.100331337
Delft,Delft-6,191.414536,64327019.9,0.651418145,0.561467448,0.646331918,0.362894333,0.685426078,3.154574163,2.979323326,9.398496387,4.339166466,-0.024000001,-0.034199999,0.701754427,5.147299934,4.091028502,1.258192147,12.54037055,0.100331337
Delft,Delft-6,197.4812536,69072782.68,0.699476893,0.561467448,0.646331918,0.362894333,0.685426078,3.154574163,2.979323326,9.398496387,4.339166466,-0.024000001,-0.034199999,0.701754427,5.147299934,4.091028502,1.258192147,12.54037055,0.100331337
Delft,Delft-7,0.444574781,9870388.981,0.099954117,0.560793444,0.646194779,0.362381796,0.68504782,3.154574163,4.953125151,15.62500063,5.142782266,-0.022899999,-0.033499998,0.683582103,6.302876566,5.743497313,1.097393491,18.17773917,0.060370186
Delft,Delft-7,0.847470676,12342971.27,0.124993128,0.560793444,0.646194779,0.362381796,0.68504782,3.154574163,4.953125151,15.62500063,5.142782266,-0.022899999,-0.033499998,0.683582103,6.302876566,5.743497313,1.097393491,18.17773917,0.060370186
Delft,Delft-7,1.1670088,14805583.47,0.149931176,0.560793444,0.646194779,0.362381796,0.68504782,3.154574163,4.953125151,15.62500063,5.142782266,-0.022899999,-0.033499998,0.683582103,6.302876566,5.743497313,1.097393491,18.17773917,0.060370186
Delft,Delft-7,1.708834314,17268195.67,0.174869223,0.560793444,0.646194779,0.362381796,0.68504782,3.154574163,4.953125151,15.62500063,5.142782266,-0.022899999,-0.033499998,0.683582103,6.302876566,5.743497313,1.097393491,18.17773917,0.060370186
Delft,Delft-7,2.347910562,19720837.78,0.199706307,0.560793444,0.646194779,0.362381796,0.68504782,3.154574163,4.953125151,15.62500063,5.142782266,-0.022899999,-0.033499998,0.683582103,6.302876566,5.743497313,1.097393491,18.17773917,0.060370186
Delft,Delft-7,3.056451619,22213360.25,0.224947246,0.560793444,0.646194779,0.362381796,0.68504782,3.154574163,4.953125151,15.62500063,5.142782266,-0.022899999,-0.033499998,0.683582103,6.302876566,5.743497313,1.097393491,18.17773917,0.060370186
Delft,Delft-7,4.140102647,24675972.45,0.249885293,0.560793444,0.646194779,0.362381796,0.68504782,3.154574163,4.953125151,15.62500063,5.142782266,-0.022899999,-0.033499998,0.683582103,6.302876566,5.743497313,1.097393491,18.17773917,0.060370186
Delft,Delft-7,6.904802066,29641077.21,0.300165243,0.560793444,0.646194779,0.362381796,0.68504782,3.154574163,4.953125151,15.62500063,5.142782266,-0.022899999,-0.033499998,0.683582103,6.302876566,5.743497313,1.097393491,18.17773917,0.060370186
Delft,Delft-7,11.75344577,34646062.33,0.350849048,0.560793444,0.646194779,0.362381796,0.68504782,3.154574163,4.953125151,15.62500063,5.142782266,-0.022899999,-0.033499998,0.683582103,6.302876566,5.743497313,1.097393491,18.17773917,0.060370186
Delft,Delft-7,24.28489741,39581256.82,0.400826106,0.560793444,0.646194779,0.362381796,0.68504782,3.154574163,4.953125151,15.62500063,5.142782266,-0.022899999,-0.033499998,0.683582103,6.302876566,5.743497313,1.097393491,18.17773917,0.060370186
Delft,Delft-7,46.66645903,44317049.51,0.44878389,0.560793444,0.646194779,0.362381796,0.68504782,3.154574163,4.953125151,15.62500063,5.142782266,-0.022899999,-0.033499998,0.683582103,6.302876566,5.743497313,1.097393491,18.17773917,0.060370186
Delft,Delft-7,77.63387112,49322034.63,0.499467695,0.560793444,0.646194779,0.362381796,0.68504782,3.154574163,4.953125151,15.62500063,5.142782266,-0.022899999,-0.033499998,0.683582103,6.302876566,5.743497313,1.097393491,18.17773917,0.060370186
Delft,Delft-7,107.0452715,54287139.39,0.549747644,0.560793444,0.646194779,0.362381796,0.68504782,3.154574163,4.953125151,15.62500063,5.142782266,-0.022899999,-0.033499998,0.683582103,6.302876566,5.743497313,1.097393491,18.17773917,0.060370186
Delft,Delft-7,121.8829548,59272184.33,0.600229522,0.560793444,0.646194779,0.362381796,0.68504782,3.154574163,4.953125151,15.62500063,5.142782266,-0.022899999,-0.033499998,0.683582103,6.302876566,5.743497313,1.097393491,18.17773917,0.060370186
Delft,Delft-7,130.4965912,64227319.0,0.650408508,0.560793444,0.646194779,0.362381796,0.68504782,3.154574163,4.953125151,15.62500063,5.142782266,-0.022899999,-0.033499998,0.683582103,6.302876566,5.743497313,1.097393491,18.17773917,0.060370186
Delft,Delft-10,0.333685048,9870388.981,0.099954117,0.564413502,0.646409597,0.364842305,0.694006291,3.154574163,3.992443385,12.59445875,4.775347934,0.0,-0.0191,0.0,5.849212399,5.01686836,1.165909085,15.76521169,0.073954547
Delft,Delft-10,1.056669318,14805583.47,0.149931176,0.564413502,0.646409597,0.364842305,0.694006291,3.154574163,3.992443385,12.59445875,4.775347934,0.0,-0.0191,0.0,5.849212399,5.01686836,1.165909085,15.76521169,0.073954547
Delft,Delft-10,1.990987452,19740777.96,0.199908234,0.564413502,0.646409597,0.364842305,0.694006291,3.154574163,3.992443385,12.59445875,4.775347934,0.0,-0.0191,0.0,5.849212399,5.01686836,1.165909085,15.76521169,0.073954547
Delft,Delft-10,3.559307176,24675972.45,0.249885293,0.564413502,0.646409597,0.364842305,0.694006291,3.154574163,3.992443385,12.59445875,4.775347934,0.0,-0.0191,0.0,5.849212399,5.01686836,1.165909085,15.76521169,0.073954547
Delft,Delft-10,6.551349771,29661017.39,0.30036717,0.564413502,0.646409597,0.364842305,0.694006291,3.154574163,3.992443385,12.59445875,4.775347934,0.0,-0.0191,0.0,5.849212399,5.01686836,1.165909085,15.76521169,0.073954547
Delft,Delft-10,11.36753729,34675972.6,0.351151939,0.564413502,0.646409597,0.364842305,0.694006291,3.154574163,3.992443385,12.59445875,4.775347934,0.0,-0.0191,0.0,5.849212399,5.01686836,1.165909085,15.76521169,0.073954547
Delft,Delft-10,27.08410304,39631107.27,0.401330925,0.564413502,0.646409597,0.364842305,0.694006291,3.154574163,3.992443385,12.59445875,4.775347934,0.0,-0.0191,0.0,5.849212399,5.01686836,1.165909085,15.76521169,0.073954547
Delft,Delft-10,52.68886904,44366899.96,0.449288708,0.564413502,0.646409597,0.364842305,0.694006291,3.154574163,3.992443385,12.59445875,4.775347934,0.0,-0.0191,0.0,5.849212399,5.01686836,1.165909085,15.76521169,0.073954547
Delft,Delft-10,90.09496289,49381855.17,0.500073477,0.564413502,0.646409597,0.364842305,0.694006291,3.154574163,3.992443385,12.59445875,4.775347934,0.0,-0.0191,0.0,5.849212399,5.01686836,1.165909085,15.76521169,0.073954547
Delft,Delft-10,122.1287275,54366900.11,0.550555354,0.564413502,0.646409597,0.364842305,0.694006291,3.154574163,3.992443385,12.59445875,4.775347934,0.0,-0.0191,0.0,5.849212399,5.01686836,1.165909085,15.76521169,0.073954547
Delft,Delft-10,136.8442381,59341974.96,0.600936268,0.564413502,0.646409597,0.364842305,0.694006291,3.154574163,3.992443385,12.59445875,4.775347934,0.0,-0.0191,0.0,5.849212399,5.01686836,1.165909085,15.76521169,0.073954547
Delft,Delft-10,145.2975926,64327019.9,0.651418145,0.564413502,0.646409597,0.364842305,0.694006291,3.154574163,3.992443385,12.59445875,4.775347934,0.0,-0.0191,0.0,5.849212399,5.01686836,1.165909085,15.76521169,0.073954547
Delft,Delft-11,0.366973556,9870388.981,0.099954117,0.564536539,0.646409597,0.364921836,0.681829176,3.154574163,3.992443385,12.59445875,4.775000993,-0.049800001,-0.049700001,1.002012088,5.567006386,4.928125638,1.129639704,15.00677053,0.075275337
Delft,Delft-11,1.056439025,14805583.47,0.149931176,0.564536539,0.646409597,0.364921836,0.681829176,3.154574163,3.992443385,12.59445875,4.775000993,-0.049800001,-0.049700001,1.002012088,5.567006386,4.928125638,1.129639704,15.00677053,0.075275337
Delft,Delft-11,2.079516818,19720837.78,0.199706307,0.564536539,0.646409597,0.364921836,0.681829176,3.154574163,3.992443385,12.59445875,4.775000993,-0.049800001,-0.049700001,1.002012088,5.567006386,4.928125638,1.129639704,15.00677053,0.075275337
Delft,Delft-11,3.569651865,24675972.45,0.249885293,0.564536539,0.646409597,0.364921836,0.681829176,3.154574163,3.992443385,12.59445875,4.775000993,-0.049800001,-0.049700001,1.002012088,5.567006386,4.928125638,1.129639704,15.00677053,0.075275337
Delft,Delft-11,6.783450584,29641077.21,0.300165243,0.564536539,0.646409597,0.364921836,0.681829176,3.154574163,3.992443385,12.59445875,4.775000993,-0.049800001,-0.049700001,1.002012088,5.567006386,4.928125638,1.129639704,15.00677053,0.075275337
Delft,Delft-11,11.40954147,34576271.7,0.350142301,0.564536539,0.646409597,0.364921836,0.681829176,3.154574163,3.992443385,12.59445875,4.775000993,-0.049800001,-0.049700001,1.002012088,5.567006386,4.928125638,1.129639704,15.00677053,0.075275337
Delft,Delft-11,24.2091343,39501496.1,0.400018396,0.564536539,0.646409597,0.364921836,0.681829176,3.154574163,3.992443385,12.59445875,4.775000993,-0.049800001,-0.049700001,1.002012088,5.567006386,4.928125638,1.129639704,15.00677053,0.075275337
Delft,Delft-11,51.65430814,44436690.59,0.449995455,0.564536539,0.646409597,0.364921836,0.681829176,3.154574163,3.992443385,12.59445875,4.775000993,-0.049800001,-0.049700001,1.002012088,5.567006386,4.928125638,1.129639704,15.00677053,0.075275337
Delft,Delft-11,88.94104553,49381855.17,0.500073477,0.564536539,0.646409597,0.364921836,0.681829176,3.154574163,3.992443385,12.59445875,4.775000993,-0.049800001,-0.049700001,1.002012088,5.567006386,4.928125638,1.129639704,15.00677053,0.075275337
Delft,Delft-11,122.2800371,54307079.57,0.549949572,0.564536539,0.646409597,0.364921836,0.681829176,3.154574163,3.992443385,12.59445875,4.775000993,-0.049800001,-0.049700001,1.002012088,5.567006386,4.928125638,1.129639704,15.00677053,0.075275337
Delft,Delft-11,146.5002918,59242274.06,0.599926631,0.564536539,0.646409597,0.364921836,0.681829176,3.154574163,3.992443385,12.59445875,4.775000993,-0.049800001,-0.049700001,1.002012088,5.567006386,4.928125638,1.129639704,15.00677053,0.075275337
Delft,Delft-12,0.271651991,9870388.981,0.099954117,0.563717774,0.646505737,0.364446775,0.693438842,3.50877198,3.936463992,13.81215456,5.104197708,-0.0001,-0.0193,0.005181347,6.027587594,5.148823379,1.170672822,17.34334034,0.067499847
Delft,Delft-12,0.950781968,14805583.47,0.149931176,0.563717774,0.646505737,0.364446775,0.693438842,3.50877198,3.936463992,13.81215456,5.104197708,-0.0001,-0.0193,0.005181347,6.027587594,5.148823379,1.170672822,17.34334034,0.067499847
Delft,Delft-12,1.983059533,19740777.96,0.199908234,0.563717774,0.646505737,0.364446775,0.693438842,3.50877198,3.936463992,13.81215456,5.104197708,-0.0001,-0.0193,0.005181347,6.027587594,5.148823379,1.170672822,17.34334034,0.067499847
Delft,Delft-12,2.811598105,22213360.25,0.224947246,0.563717774,0.646505737,0.364446775,0.693438842,3.50877198,3.936463992,13.81215456,5.104197708,-0.0001,-0.0193,0.005181347,6.027587594,5.148823379,1.170672822,17.34334034,0.067499847
Delft,Delft-12,3.667301876,24675972.45,0.249885293,0.563717774,0.646505737,0.364446775,0.693438842,3.50877198,3.936463992,13.81215456,5.104197708,-0.0001,-0.0193,0.005181347,6.027587594,5.148823379,1.170672822,17.34334034,0.067499847
Delft,Delft-12,5.120640028,27417747.17,0.277650325,0.563717774,0.646505737,0.364446775,0.693438842,3.50877198,3.936463992,13.81215456,5.104197708,-0.0001,-0.0193,0.005181347,6.027587594,5.148823379,1.170672822,17.34334034,0.067499847
Delft,Delft-12,6.669056375,29661017.39,0.30036717,0.563717774,0.646505737,0.364446775,0.693438842,3.50877198,3.936463992,13.81215456,5.104197708,-0.0001,-0.0193,0.005181347,6.027587594,5.148823379,1.170672822,17.34334034,0.067499847
Delft,Delft-12,8.828689703,32153539.86,0.325608109,0.563717774,0.646505737,0.364446775,0.693438842,3.50877198,3.936463992,13.81215456,5.104197708,-0.0001,-0.0193,0.005181347,6.027587594,5.148823379,1.170672822,17.34334034,0.067499847
Delft,Delft-12,11.9255224,34646062.33,0.350849048,0.563717774,0.646505737,0.364446775,0.693438842,3.50877198,3.936463992,13.81215456,5.104197708,-0.0001,-0.0193,0.005181347,6.027587594,5.148823379,1.170672822,17.34334034,0.067499847
Delft,Delft-12,17.57588381,37138584.8,0.376089986,0.563717774,0.646505737,0.364446775,0.693438842,3.50877198,3.936463992,13.81215456,5.104197708,-0.0001,-0.0193,0.005181347,6.027587594,5.148823379,1.170672822,17.34334034,0.067499847
Delft,Delft-12,26.18725192,39631107.27,0.401330925,0.563717774,0.646505737,0.364446775,0.693438842,3.50877198,3.936463992,13.81215456,5.104197708,-0.0001,-0.0193,0.005181347,6.027587594,5.148823379,1.170672822,17.34334034,0.067499847
Delft,Delft-12,36.17046258,41874377.49,0.42404777,0.563717774,0.646505737,0.364446775,0.693438842,3.50877198,3.936463992,13.81215456,5.104197708,-0.0001,-0.0193,0.005181347,6.027587594,5.148823379,1.170672822,17.34334034,0.067499847
Delft,Delft-12,50.78533969,44366899.96,0.449288708,0.563717774,0.646505737,0.364446775,0.693438842,3.50877198,3.936463992,13.81215456,5.104197708,-0.0001,-0.0193,0.005181347,6.027587594,5.148823379,1.170672822,17.34334034,0.067499847
Delft,Delft-12,66.44607696,46879362.61,0.474731575,0.563717774,0.646505737,0.364446775,0.693438842,3.50877198,3.936463992,13.81215456,5.104197708,-0.0001,-0.0193,0.005181347,6.027587594,5.148823379,1.170672822,17.34334034,0.067499847
Delft,Delft-12,81.93024044,49381855.17,0.500073477,0.563717774,0.646505737,0.364446775,0.693438842,3.50877198,3.936463992,13.81215456,5.104197708,-0.0001,-0.0193,0.005181347,6.027587594,5.148823379,1.170672822,17.34334034,0.067499847
Delft,Delft-12,107.9001708,54336989.84,0.550252463,0.563717774,0.646505737,0.364446775,0.693438842,3.50877198,3.936463992,13.81215456,5.104197708,-0.0001,-0.0193,0.005181347,6.027587594,5.148823379,1.170672822,17.34334034,0.067499847
Delft,Delft-14,0.380262175,9870388.981,0.099954117,0.528902639,0.646304899,0.341832366,0.657123062,3.50877198,3.691709794,12.95336788,5.103971275,-0.023,-0.034700001,0.662824201,5.75690108,4.87874373,1.179996613,15.54077678,0.075929063
Delft,Delft-14,1.072882565,14805583.47,0.149931176,0.528902639,0.646304899,0.341832366,0.657123062,3.50877198,3.691709794,12.95336788,5.103971275,-0.023,-0.034700001,0.662824201,5.75690108,4.87874373,1.179996613,15.54077678,0.075929063
Delft,Delft-14,2.00995721,19740777.96,0.199908234,0.528902639,0.646304899,0.341832366,0.657123062,3.50877198,3.691709794,12.95336788,5.103971275,-0.023,-0.034700001,0.662824201,5.75690108,4.87874373,1.179996613,15.54077678,0.075929063
Delft,Delft-14,3.340874823,24675972.45,0.249885293,0.528902639,0.646304899,0.341832366,0.657123062,3.50877198,3.691709794,12.95336788,5.103971275,-0.023,-0.034700001,0.662824201,5.75690108,4.87874373,1.179996613,15.54077678,0.075929063
Delft,Delft-14,5.500220744,29661017.39,0.30036717,0.528902639,0.646304899,0.341832366,0.657123062,3.50877198,3.691709794,12.95336788,5.103971275,-0.023,-0.034700001,0.662824201,5.75690108,4.87874373,1.179996613,15.54077678,0.075929063
Delft,Delft-14,9.886816548,34675972.6,0.351151939,0.528902639,0.646304899,0.341832366,0.657123062,3.50877198,3.691709794,12.95336788,5.103971275,-0.023,-0.034700001,0.662824201,5.75690108,4.87874373,1.179996613,15.54077678,0.075929063
Delft,Delft-14,26.17018611,39631107.27,0.401330925,0.528902639,0.646304899,0.341832366,0.657123062,3.50877198,3.691709794,12.95336788,5.103971275,-0.023,-0.034700001,0.662824201,5.75690108,4.87874373,1.179996613,15.54077678,0.075929063
Delft,Delft-14,51.11810094,44366899.96,0.449288708,0.528902639,0.646304899,0.341832366,0.657123062,3.50877198,3.691709794,12.95336788,5.103971275,-0.023,-0.034700001,0.662824201,5.75690108,4.87874373,1.179996613,15.54077678,0.075929063
Delft,Delft-14,86.79484143,49381855.17,0.500073477,0.528902639,0.646304899,0.341832366,0.657123062,3.50877198,3.691709794,12.95336788,5.103971275,-0.023,-0.034700001,0.662824201,5.75690108,4.87874373,1.179996613,15.54077678,0.075929063
Delft,Delft-14,112.8156388,54336989.84,0.550252463,0.528902639,0.646304899,0.341832366,0.657123062,3.50877198,3.691709794,12.95336788,5.103971275,-0.023,-0.034700001,0.662824201,5.75690108,4.87874373,1.179996613,15.54077678,0.075929063
Delft,Delft-14,128.406388,59341974.96,0.600936268,0.528902639,0.646304899,0.341832366,0.657123062,3.50877198,3.691709794,12.95336788,5.103971275,-0.023,-0.034700001,0.662824201,5.75690108,4.87874373,1.179996613,15.54077678,0.075929063
Delft,Delft-14,139.2302792,64307079.72,0.651216218,0.528902639,0.646304899,0.341832366,0.657123062,3.50877198,3.691709794,12.95336788,5.103971275,-0.023,-0.034700001,0.662824201,5.75690108,4.87874373,1.179996613,15.54077678,0.075929063
Delft,Delft-14,144.8798886,69042872.41,0.699174001,0.528902639,0.646304899,0.341832366,0.657123062,3.50877198,3.691709794,12.95336788,5.103971275,-0.023,-0.034700001,0.662824201,5.75690108,4.87874373,1.179996613,15.54077678,0.075929063
Delft,Delft-15,0.296794193,9870388.981,0.099954117,0.530364834,0.646189257,0.342716058,0.658449135,3.164557162,3.682983445,11.65501164,4.756604776,-0.022899999,-0.034499999,0.663768116,5.565590959,4.707641922,1.182246027,14.04051612,0.084202462
Delft,Delft-15,0.582596008,12342971.27,0.124993128,0.530364834,0.646189257,0.342716058,0.658449135,3.164557162,3.682983445,11.65501164,4.756604776,-0.022899999,-0.034499999,0.663768116,5.565590959,4.707641922,1.182246027,14.04051612,0.084202462
Delft,Delft-15,0.956336843,14805583.47,0.149931176,0.530364834,0.646189257,0.342716058,0.658449135,3.164557162,3.682983445,11.65501164,4.756604776,-0.022899999,-0.034499999,0.663768116,5.565590959,4.707641922,1.182246027,14.04051612,0.084202462
Delft,Delft-15,1.341070056,17268195.67,0.174869223,0.530364834,0.646189257,0.342716058,0.658449135,3.164557162,3.682983445,11.65501164,4.756604776,-0.022899999,-0.034499999,0.663768116,5.565590959,4.707641922,1.182246027,14.04051612,0.084202462
Delft,Delft-15,1.802749911,19740777.96,0.199908234,0.530364834,0.646189257,0.342716058,0.658449135,3.164557162,3.682983445,11.65501164,4.756604776,-0.022899999,-0.034499999,0.663768116,5.565590959,4.707641922,1.182246027,14.04051612,0.084202462
Delft,Delft-15,2.407330674,22213360.25,0.224947246,0.530364834,0.646189257,0.342716058,0.658449135,3.164557162,3.682983445,11.65501164,4.756604776,-0.022899999,-0.034499999,0.663768116,5.565590959,4.707641922,1.182246027,14.04051612,0.084202462
Delft,Delft-15,3.231758987,24675972.45,0.249885293,0.530364834,0.646189257,0.342716058,0.658449135,3.164557162,3.682983445,11.65501164,4.756604776,-0.022899999,-0.034499999,0.663768116,5.565590959,4.707641922,1.182246027,14.04051612,0.084202462
Delft,Delft-15,5.276341202,29661017.39,0.30036717,0.530364834,0.646189257,0.342716058,0.658449135,3.164557162,3.682983445,11.65501164,4.756604776,-0.022899999,-0.034499999,0.663768116,5.565590959,4.707641922,1.182246027,14.04051612,0.084202462
Delft,Delft-15,10.00306353,34675972.6,0.351151939,0.530364834,0.646189257,0.342716058,0.658449135,3.164557162,3.682983445,11.65501164,4.756604776,-0.022899999,-0.034499999,0.663768116,5.565590959,4.707641922,1.182246027,14.04051612,0.084202462
Delft,Delft-15,25.81010238,39631107.27,0.401330925,0.530364834,0.646189257,0.342716058,0.658449135,3.164557162,3.682983445,11.65501164,4.756604776,-0.022899999,-0.034499999,0.663768116,5.565590959,4.707641922,1.182246027,14.04051612,0.084202462
Delft,Delft-15,54.54417718,44366899.96,0.449288708,0.530364834,0.646189257,0.342716058,0.658449135,3.164557162,3.682983445,11.65501164,4.756604776,-0.022899999,-0.034499999,0.663768116,5.565590959,4.707641922,1.182246027,14.04051612,0.084202462
Delft,Delft-15,92.19307014,49381855.17,0.500073477,0.530364834,0.646189257,0.342716058,0.658449135,3.164557162,3.682983445,11.65501164,4.756604776,-0.022899999,-0.034499999,0.663768116,5.565590959,4.707641922,1.182246027,14.04051612,0.084202462
Delft,Delft-15,125.1921874,54336989.84,0.550252463,0.530364834,0.646189257,0.342716058,0.658449135,3.164557162,3.682983445,11.65501164,4.756604776,-0.022899999,-0.034499999,0.663768116,5.565590959,4.707641922,1.182246027,14.04051612,0.084202462
Delft,Delft-15,143.9122063,59341974.96,0.600936268,0.530364834,0.646189257,0.342716058,0.658449135,3.164557162,3.682983445,11.65501164,4.756604776,-0.022899999,-0.034499999,0.663768116,5.565590959,4.707641922,1.182246027,14.04051612,0.084202462
Delft,Delft-15,153.7723689,64327019.9,0.651418145,0.530364834,0.646189257,0.342716058,0.658449135,3.164557162,3.682983445,11.65501164,4.756604776,-0.022899999,-0.034499999,0.663768116,5.565590959,4.707641922,1.182246027,14.04051612,0.084202462
Delft,Delft-16,0.100228357,9870388.981,0.099954117,0.529165028,0.646296154,0.341997322,0.657445271,3.154574163,2.81028365,8.865248194,4.340465532,-0.023,-0.034799999,0.660919563,5.076532647,3.926372392,1.292932035,11.65989473,0.110887111
Delft,Delft-16,0.768417407,14805583.47,0.149931176,0.529165028,0.646296154,0.341997322,0.657445271,3.154574163,2.81028365,8.865248194,4.340465532,-0.023,-0.034799999,0.660919563,5.076532647,3.926372392,1.292932035,11.65989473,0.110887111
Delft,Delft-16,1.520130089,19740777.96,0.199908234,0.529165028,0.646296154,0.341997322,0.657445271,3.154574163,2.81028365,8.865248194,4.340465532,-0.023,-0.034799999,0.660919563,5.076532647,3.926372392,1.292932035,11.65989473,0.110887111
Delft,Delft-16,2.756279831,24675972.45,0.249885293,0.529165028,0.646296154,0.341997322,0.657445271,3.154574163,2.81028365,8.865248194,4.340465532,-0.023,-0.034799999,0.660919563,5.076532647,3.926372392,1.292932035,11.65989473,0.110887111
Delft,Delft-16,4.54368554,29661017.39,0.30036717,0.529165028,0.646296154,0.341997322,0.657445271,3.154574163,2.81028365,8.865248194,4.340465532,-0.023,-0.034799999,0.660919563,5.076532647,3.926372392,1.292932035,11.65989473,0.110887111
Delft,Delft-16,8.895266728,34675972.6,0.351151939,0.529165028,0.646296154,0.341997322,0.657445271,3.154574163,2.81028365,8.865248194,4.340465532,-0.023,-0.034799999,0.660919563,5.076532647,3.926372392,1.292932035,11.65989473,0.110887111
Delft,Delft-16,27.89689284,39631107.27,0.401330925,0.529165028,0.646296154,0.341997322,0.657445271,3.154574163,2.81028365,8.865248194,4.340465532,-0.023,-0.034799999,0.660919563,5.076532647,3.926372392,1.292932035,11.65989473,0.110887111
Delft,Delft-16,62.36709545,44366899.96,0.449288708,0.529165028,0.646296154,0.341997322,0.657445271,3.154574163,2.81028365,8.865248194,4.340465532,-0.023,-0.034799999,0.660919563,5.076532647,3.926372392,1.292932035,11.65989473,0.110887111
Delft,Delft-16,109.8753369,49381855.17,0.500073477,0.529165028,0.646296154,0.341997322,0.657445271,3.154574163,2.81028365,8.865248194,4.340465532,-0.023,-0.034799999,0.660919563,5.076532647,3.926372392,1.292932035,11.65989473,0.110887111
Delft,Delft-16,144.8383289,54336989.84,0.550252463,0.529165028,0.646296154,0.341997322,0.657445271,3.154574163,2.81028365,8.865248194,4.340465532,-0.023,-0.034799999,0.660919563,5.076532647,3.926372392,1.292932035,11.65989473,0.110887111
Delft,Delft-16,165.97816,59341974.96,0.600936268,0.529165028,0.646296154,0.341997322,0.657445271,3.154574163,2.81028365,8.865248194,4.340465532,-0.023,-0.034799999,0.660919563,5.076532647,3.926372392,1.292932035,11.65989473,0.110887111
Delft,Delft-16,177.8301633,64307079.72,0.651216218,0.529165028,0.646296154,0.341997322,0.657445271,3.154574163,2.81028365,8.865248194,4.340465532,-0.023,-0.034799999,0.660919563,5.076532647,3.926372392,1.292932035,11.65989473,0.110887111
Delft,Delft-16,182.0314019,69022932.23,0.698972074,0.529165028,0.646296154,0.341997322,0.657445271,3.154574163,2.81028365,8.865248194,4.340465532,-0.023,-0.034799999,0.660919563,5.076532647,3.926372392,1.292932035,11.65989473,0.110887111
Delft,Delft-17,0.133707206,9870388.981,0.099954117,0.598367648,0.646962192,0.387121245,0.724132446,3.154574163,4.243641214,13.38688093,4.778127257,-0.0001,-0.0179,0.005586592,5.990268458,5.240740911,1.143019386,17.12663738,0.066739276
Delft,Delft-17,0.880239108,14805583.47,0.149931176,0.598367648,0.646962192,0.387121245,0.724132446,3.154574163,4.243641214,13.38688093,4.778127257,-0.0001,-0.0179,0.005586592,5.990268458,5.240740911,1.143019386,17.12663738,0.066739276
Delft,Delft-17,1.738193682,19740777.96,0.199908234,0.598367648,0.646962192,0.387121245,0.724132446,3.154574163,4.243641214,13.38688093,4.778127257,-0.0001,-0.0179,0.005586592,5.990268458,5.240740911,1.143019386,17.12663738,0.066739276
Delft,Delft-17,3.799513112,24675972.45,0.249885293,0.598367648,0.646962192,0.387121245,0.724132446,3.154574163,4.243641214,13.38688093,4.778127257,-0.0001,-0.0179,0.005586592,5.990268458,5.240740911,1.143019386,17.12663738,0.066739276
Delft,Delft-17,7.275900476,29661017.39,0.30036717,0.598367648,0.646962192,0.387121245,0.724132446,3.154574163,4.243641214,13.38688093,4.778127257,-0.0001,-0.0179,0.005586592,5.990268458,5.240740911,1.143019386,17.12663738,0.066739276
Delft,Delft-17,13.71613091,34675972.6,0.351151939,0.598367648,0.646962192,0.387121245,0.724132446,3.154574163,4.243641214,13.38688093,4.778127257,-0.0001,-0.0179,0.005586592,5.990268458,5.240740911,1.143019386,17.12663738,0.066739276
Delft,Delft-17,28.01165972,39631107.27,0.401330925,0.598367648,0.646962192,0.387121245,0.724132446,3.154574163,4.243641214,13.38688093,4.778127257,-0.0001,-0.0179,0.005586592,5.990268458,5.240740911,1.143019386,17.12663738,0.066739276
Delft,Delft-17,50.96473014,44366899.96,0.449288708,0.598367648,0.646962192,0.387121245,0.724132446,3.154574163,4.243641214,13.38688093,4.778127257,-0.0001,-0.0179,0.005586592,5.990268458,5.240740911,1.143019386,17.12663738,0.066739276
Delft,Delft-17,88.70358911,49381855.17,0.500073477,0.598367648,0.646962192,0.387121245,0.724132446,3.154574163,4.243641214,13.38688093,4.778127257,-0.0001,-0.0179,0.005586592,5.990268458,5.240740911,1.143019386,17.12663738,0.066739276
Delft,Delft-17,121.5509928,54366900.11,0.550555354,0.598367648,0.646962192,0.387121245,0.724132446,3.154574163,4.243641214,13.38688093,4.778127257,-0.0001,-0.0179,0.005586592,5.990268458,5.240740911,1.143019386,17.12663738,0.066739276
Delft,Delft-17,135.7239567,59341974.96,0.600936268,0.598367648,0.646962192,0.387121245,0.724132446,3.154574163,4.243641214,13.38688093,4.778127257,-0.0001,-0.0179,0.005586592,5.990268458,5.240740911,1.143019386,17.12663738,0.066739276
Delft,Delft-17,144.1252261,64327019.9,0.651418145,0.598367648,0.646962192,0.387121245,0.724132446,3.154574163,4.243641214,13.38688093,4.778127257,-0.0001,-0.0179,0.005586592,5.990268458,5.240740911,1.143019386,17.12663738,0.066739276
Delft,Delft-17,152.8273368,69072782.68,0.699476893,0.598367648,0.646962192,0.387121245,0.724132446,3.154574163,4.243641214,13.38688093,4.778127257,-0.0001,-0.0179,0.005586592,5.990268458,5.240740911,1.143019386,17.12663738,0.066739276
Delft,Delft-18,0.044559338,9850448.801,0.09975219,0.598889236,0.64653989,0.387205781,0.711924555,3.154574163,4.243641214,13.38688093,4.777779508,-0.049999998,-0.048899999,1.022494868,5.701774067,5.15163918,1.106788319,16.31483235,0.067839393
Delft,Delft-18,0.646110406,14805583.47,0.149931176,0.598889236,0.64653989,0.387205781,0.711924555,3.154574163,4.243641214,13.38688093,4.777779508,-0.049999998,-0.048899999,1.022494868,5.701774067,5.15163918,1.106788319,16.31483235,0.067839393
Delft,Delft-18,1.682115022,19740777.96,0.199908234,0.598889236,0.64653989,0.387205781,0.711924555,3.154574163,4.243641214,13.38688093,4.777779508,-0.049999998,-0.048899999,1.022494868,5.701774067,5.15163918,1.106788319,16.31483235,0.067839393
Delft,Delft-18,3.542467398,24675972.45,0.249885293,0.598889236,0.64653989,0.387205781,0.711924555,3.154574163,4.243641214,13.38688093,4.777779508,-0.049999998,-0.048899999,1.022494868,5.701774067,5.15163918,1.106788319,16.31483235,0.067839393
Delft,Delft-18,6.97353645,29661017.39,0.30036717,0.598889236,0.64653989,0.387205781,0.711924555,3.154574163,4.243641214,13.38688093,4.777779508,-0.049999998,-0.048899999,1.022494868,5.701774067,5.15163918,1.106788319,16.31483235,0.067839393
Delft,Delft-18,11.90848317,34675972.6,0.351151939,0.598889236,0.64653989,0.387205781,0.711924555,3.154574163,4.243641214,13.38688093,4.777779508,-0.049999998,-0.048899999,1.022494868,5.701774067,5.15163918,1.106788319,16.31483235,0.067839393
Delft,Delft-18,24.0286232,39631107.27,0.401330925,0.598889236,0.64653989,0.387205781,0.711924555,3.154574163,4.243641214,13.38688093,4.777779508,-0.049999998,-0.048899999,1.022494868,5.701774067,5.15163918,1.106788319,16.31483235,0.067839393
Delft,Delft-18,51.59971379,44366899.96,0.449288708,0.598889236,0.64653989,0.387205781,0.711924555,3.154574163,4.243641214,13.38688093,4.777779508,-0.049999998,-0.048899999,1.022494868,5.701774067,5.15163918,1.106788319,16.31483235,0.067839393
Delft,Delft-18,91.61399962,49381855.17,0.500073477,0.598889236,0.64653989,0.387205781,0.711924555,3.154574163,4.243641214,13.38688093,4.777779508,-0.049999998,-0.048899999,1.022494868,5.701774067,5.15163918,1.106788319,16.31483235,0.067839393
Delft,Delft-18,130.0241493,54366900.11,0.550555354,0.598889236,0.64653989,0.387205781,0.711924555,3.154574163,4.243641214,13.38688093,4.777779508,-0.049999998,-0.048899999,1.022494868,5.701774067,5.15163918,1.106788319,16.31483235,0.067839393
Delft,Delft-18,148.5274145,59341974.96,0.600936268,0.598889236,0.64653989,0.387205781,0.711924555,3.154574163,4.243641214,13.38688093,4.777779508,-0.049999998,-0.048899999,1.022494868,5.701774067,5.15163918,1.106788319,16.31483235,0.067839393
Delft,Delft-20,0.523572225,9870388.981,0.099954117,0.529999692,0.645847722,0.342299094,0.651136148,3.154574163,3.75147948,11.83432024,4.777779508,-0.049899997,-0.0509,0.980353577,5.437433352,4.711761191,1.154012933,13.76878654,0.083813699
Delft,Delft-20,1.125123293,14805583.47,0.149931176,0.529999692,0.645847722,0.342299094,0.651136148,3.154574163,3.75147948,11.83432024,4.777779508,-0.049899997,-0.0509,0.980353577,5.437433352,4.711761191,1.154012933,13.76878654,0.083813699
Delft,Delft-20,2.205687248,19740777.96,0.199908234,0.529999692,0.645847722,0.342299094,0.651136148,3.154574163,3.75147948,11.83432024,4.777779508,-0.049899997,-0.0509,0.980353577,5.437433352,4.711761191,1.154012933,13.76878654,0.083813699
Delft,Delft-20,3.631586074,24675972.45,0.249885293,0.529999692,0.645847722,0.342299094,0.651136148,3.154574163,3.75147948,11.83432024,4.777779508,-0.049899997,-0.0509,0.980353577,5.437433352,4.711761191,1.154012933,13.76878654,0.083813699
Delft,Delft-20,6.461104059,29641077.21,0.300165243,0.529999692,0.645847722,0.342299094,0.651136148,3.154574163,3.75147948,11.83432024,4.777779508,-0.049899997,-0.0509,0.980353577,5.437433352,4.711761191,1.154012933,13.76878654,0.083813699
Delft,Delft-20,11.25123293,34576271.7,0.350142301,0.529999692,0.645847722,0.342299094,0.651136148,3.154574163,3.75147948,11.83432024,4.777779508,-0.049899997,-0.0509,0.980353577,5.437433352,4.711761191,1.154012933,13.76878654,0.083813699
Delft,Delft-20,26.86928102,39501496.1,0.400018396,0.529999692,0.645847722,0.342299094,0.651136148,3.154574163,3.75147948,11.83432024,4.777779508,-0.049899997,-0.0509,0.980353577,5.437433352,4.711761191,1.154012933,13.76878654,0.083813699
Delft,Delft-20,54.85254549,44436690.59,0.449995455,0.529999692,0.645847722,0.342299094,0.651136148,3.154574163,3.75147948,11.83432024,4.777779508,-0.049899997,-0.0509,0.980353577,5.437433352,4.711761191,1.154012933,13.76878654,0.083813699
Delft,Delft-20,94.64403463,49381855.17,0.500073477,0.529999692,0.645847722,0.342299094,0.651136148,3.154574163,3.75147948,11.83432024,4.777779508,-0.049899997,-0.0509,0.980353577,5.437433352,4.711761191,1.154012933,13.76878654,0.083813699
Delft,Delft-20,130.6925393,54307079.57,0.549949572,0.529999692,0.645847722,0.342299094,0.651136148,3.154574163,3.75147948,11.83432024,4.777779508,-0.049899997,-0.0509,0.980353577,5.437433352,4.711761191,1.154012933,13.76878654,0.083813699
Delft,Delft-20,150.8890594,59242274.06,0.599926631,0.529999692,0.645847722,0.342299094,0.651136148,3.154574163,3.75147948,11.83432024,4.777779508,-0.049899997,-0.0509,0.980353577,5.437433352,4.711761191,1.154012933,13.76878654,0.083813699
Delft,Delft-21,0.46046147,9870388.981,0.099954117,0.598096114,0.646865707,0.386887866,0.718140049,3.50877198,4.166666712,14.61988341,5.099230561,-0.022899999,-0.0322,0.711180101,6.022098139,5.321858196,1.131578091,18.36637545,0.061611399
Delft,Delft-21,1.029266816,14805583.47,0.149931176,0.598096114,0.646865707,0.386887866,0.718140049,3.50877198,4.166666712,14.61988341,5.099230561,-0.022899999,-0.0322,0.711180101,6.022098139,5.321858196,1.131578091,18.36637545,0.061611399
Delft,Delft-21,2.112705569,19740777.96,0.199908234,0.598096114,0.646865707,0.386887866,0.718140049,3.50877198,4.166666712,14.61988341,5.099230561,-0.022899999,-0.0322,0.711180101,6.022098139,5.321858196,1.131578091,18.36637545,0.061611399
Delft,Delft-21,4.022266372,24675972.45,0.249885293,0.598096114,0.646865707,0.386887866,0.718140049,3.50877198,4.166666712,14.61988341,5.099230561,-0.022899999,-0.0322,0.711180101,6.022098139,5.321858196,1.131578091,18.36637545,0.061611399
Delft,Delft-21,7.015265928,29641077.21,0.300165243,0.598096114,0.646865707,0.386887866,0.718140049,3.50877198,4.166666712,14.61988341,5.099230561,-0.022899999,-0.0322,0.711180101,6.022098139,5.321858196,1.131578091,18.36637545,0.061611399
Delft,Delft-21,12.41891671,34576271.7,0.350142301,0.598096114,0.646865707,0.386887866,0.718140049,3.50877198,4.166666712,14.61988341,5.099230561,-0.022899999,-0.0322,0.711180101,6.022098139,5.321858196,1.131578091,18.36637545,0.061611399
Delft,Delft-21,24.72948954,39501496.1,0.400018396,0.598096114,0.646865707,0.386887866,0.718140049,3.50877198,4.166666712,14.61988341,5.099230561,-0.022899999,-0.0322,0.711180101,6.022098139,5.321858196,1.131578091,18.36637545,0.061611399
Delft,Delft-21,46.22220581,44436690.59,0.449995455,0.598096114,0.646865707,0.386887866,0.718140049,3.50877198,4.166666712,14.61988341,5.099230561,-0.022899999,-0.0322,0.711180101,6.022098139,5.321858196,1.131578091,18.36637545,0.061611399
Delft,Delft-21,79.80880716,49381855.17,0.500073477,0.598096114,0.646865707,0.386887866,0.718140049,3.50877198,4.166666712,14.61988341,5.099230561,-0.022899999,-0.0322,0.711180101,6.022098139,5.321858196,1.131578091,18.36637545,0.061611399
Delft,Delft-21,108.4928482,54307079.57,0.549949572,0.598096114,0.646865707,0.386887866,0.718140049,3.50877198,4.166666712,14.61988341,5.099230561,-0.022899999,-0.0322,0.711180101,6.022098139,5.321858196,1.131578091,18.36637545,0.061611399
Delft,Delft-21,124.3787689,59242274.06,0.599926631,0.598096114,0.646865707,0.386887866,0.718140049,3.50877198,4.166666712,14.61988341,5.099230561,-0.022899999,-0.0322,0.711180101,6.022098139,5.321858196,1.131578091,18.36637545,0.061611399
Delft,Delft-22,0.066639039,9870388.981,0.099954117,0.599023499,0.646577562,0.387315153,0.718797974,2.732240392,4.231213905,11.56069354,4.336567418,-0.022899999,-0.0322,0.711180101,5.581375434,4.947435512,1.128135055,14.49877126,0.077809011
Delft,Delft-22,0.733029431,14805583.47,0.149931176,0.599023499,0.646577562,0.387315153,0.718797974,2.732240392,4.231213905,11.56069354,4.336567418,-0.022899999,-0.0322,0.711180101,5.581375434,4.947435512,1.128135055,14.49877126,0.077809011
Delft,Delft-22,1.765934537,19740777.96,0.199908234,0.599023499,0.646577562,0.387315153,0.718797974,2.732240392,4.231213905,11.56069354,4.336567418,-0.022899999,-0.0322,0.711180101,5.581375434,4.947435512,1.128135055,14.49877126,0.077809011
Delft,Delft-22,3.281972678,24675972.45,0.249885293,0.599023499,0.646577562,0.387315153,0.718797974,2.732240392,4.231213905,11.56069354,4.336567418,-0.022899999,-0.0322,0.711180101,5.581375434,4.947435512,1.128135055,14.49877126,0.077809011
Delft,Delft-22,6.780522233,29641077.21,0.300165243,0.599023499,0.646577562,0.387315153,0.718797974,2.732240392,4.231213905,11.56069354,4.336567418,-0.022899999,-0.0322,0.711180101,5.581375434,4.947435512,1.128135055,14.49877126,0.077809011
Delft,Delft-22,12.16162464,34576271.7,0.350142301,0.599023499,0.646577562,0.387315153,0.718797974,2.732240392,4.231213905,11.56069354,4.336567418,-0.022899999,-0.0322,0.711180101,5.581375434,4.947435512,1.128135055,14.49877126,0.077809011
Delft,Delft-22,23.62353938,39501496.1,0.400018396,0.599023499,0.646577562,0.387315153,0.718797974,2.732240392,4.231213905,11.56069354,4.336567418,-0.022899999,-0.0322,0.711180101,5.581375434,4.947435512,1.128135055,14.49877126,0.077809011
Delft,Delft-22,48.00509783,44436690.59,0.449995455,0.599023499,0.646577562,0.387315153,0.718797974,2.732240392,4.231213905,11.56069354,4.336567418,-0.022899999,-0.0322,0.711180101,5.581375434,4.947435512,1.128135055,14.49877126,0.077809011
Delft,Delft-22,94.07766352,49381855.17,0.500073477,0.599023499,0.646577562,0.387315153,0.718797974,2.732240392,4.231213905,11.56069354,4.336567418,-0.022899999,-0.0322,0.711180101,5.581375434,4.947435512,1.128135055,14.49877126,0.077809011
Delft,Delft-22,141.2830929,54307079.57,0.549949572,0.599023499,0.646577562,0.387315153,0.718797974,2.732240392,4.231213905,11.56069354,4.336567418,-0.022899999,-0.0322,0.711180101,5.581375434,4.947435512,1.128135055,14.49877126,0.077809011
Delft,Delft-22,163.9153765,59242274.06,0.599926631,0.599023499,0.646577562,0.387315153,0.718797974,2.732240392,4.231213905,11.56069354,4.336567418,-0.022899999,-0.0322,0.711180101,5.581375434,4.947435512,1.128135055,14.49877126,0.077809011
Delft,Delft-23,0.434316735,9880358.923,0.100055082,0.547296398,0.720584786,0.394373458,0.673368085,3.472222372,4.090908937,14.20454553,5.000833538,-0.0185,-0.052900001,0.349716441,5.776425316,4.849866617,1.191048285,15.809719,0.075336461
Delft,Delft-23,1.085791838,14805583.25,0.149931177,0.547296398,0.720584786,0.394373458,0.673368085,3.472222372,4.090908937,14.20454553,5.000833538,-0.0185,-0.052900001,0.349716441,5.776425316,4.849866617,1.191048285,15.809719,0.075336461
Delft,Delft-23,1.96719933,19750747.76,0.2000092,0.547296398,0.720584786,0.394373458,0.673368085,3.472222372,4.090908937,14.20454553,5.000833538,-0.0185,-0.052900001,0.349716441,5.776425316,4.849866617,1.191048285,15.809719,0.075336461
Delft,Delft-23,3.563952032,24745762.71,0.250592041,0.547296398,0.720584786,0.394373458,0.673368085,3.472222372,4.090908937,14.20454553,5.000833538,-0.0185,-0.052900001,0.349716441,5.776425316,4.849866617,1.191048285,15.809719,0.075336461
Delft,Delft-23,6.042112227,29670987.04,0.300468136,0.547296398,0.720584786,0.394373458,0.673368085,3.472222372,4.090908937,14.20454553,5.000833538,-0.0185,-0.052900001,0.349716441,5.776425316,4.849866617,1.191048285,15.809719,0.075336461
Delft,Delft-23,10.53856784,34556331.01,0.349940376,0.547296398,0.720584786,0.394373458,0.673368085,3.472222372,4.090908937,14.20454553,5.000833538,-0.0185,-0.052900001,0.349716441,5.776425316,4.849866617,1.191048285,15.809719,0.075336461
Delft,Delft-23,24.83269803,39461615.15,0.399614544,0.547296398,0.720584786,0.394373458,0.673368085,3.472222372,4.090908937,14.20454553,5.000833538,-0.0185,-0.052900001,0.349716441,5.776425316,4.849866617,1.191048285,15.809719,0.075336461
Delft,Delft-23,50.55957758,44386839.48,0.449490639,0.547296398,0.720584786,0.394373458,0.673368085,3.472222372,4.090908937,14.20454553,5.000833538,-0.0185,-0.052900001,0.349716441,5.776425316,4.849866617,1.191048285,15.809719,0.075336461
Delft,Delft-23,83.81035586,49491525.42,0.501184082,0.547296398,0.720584786,0.394373458,0.673368085,3.472222372,4.090908937,14.20454553,5.000833538,-0.0185,-0.052900001,0.349716441,5.776425316,4.849866617,1.191048285,15.809719,0.075336461
Delft,Delft-23,107.5700361,54396809.57,0.55085825,0.547296398,0.720584786,0.394373458,0.673368085,3.472222372,4.090908937,14.20454553,5.000833538,-0.0185,-0.052900001,0.349716441,5.776425316,4.849866617,1.191048285,15.809719,0.075336461
Delft,Delft-23,123.3076307,59302093.72,0.600532418,0.547296398,0.720584786,0.394373458,0.673368085,3.472222372,4.090908937,14.20454553,5.000833538,-0.0185,-0.052900001,0.349716441,5.776425316,4.849866617,1.191048285,15.809719,0.075336461
Delft,Delft-23,132.1217056,64227318.05,0.650408513,0.547296398,0.720584786,0.394373458,0.673368085,3.472222372,4.090908937,14.20454553,5.000833538,-0.0185,-0.052900001,0.349716441,5.776425316,4.849866617,1.191048285,15.809719,0.075336461
Delft,Delft-23,139.453994,69132602.19,0.70008268,0.547296398,0.720584786,0.394373458,0.673368085,3.472222372,4.090908937,14.20454553,5.000833538,-0.0185,-0.052900001,0.349716441,5.776425316,4.849866617,1.191048285,15.809719,0.075336461
Delft,Delft-23,144.2825742,74057826.52,0.749958776,0.547296398,0.720584786,0.394373458,0.673368085,3.472222372,4.090908937,14.20454553,5.000833538,-0.0185,-0.052900001,0.349716441,5.776425316,4.849866617,1.191048285,15.809719,0.075336461
Delft,Delft-24,0.953952724,9880358.923,0.100055082,0.543115932,0.739490366,0.401628999,0.66989506,3.496503333,10.95785476,38.31417571,6.935154223,-0.0209,-0.058400001,0.357876702,9.518270322,9.214782216,1.032934919,35.85144798,0.028811526
Delft,Delft-24,1.635347527,12333001.0,0.124892166,0.543115932,0.739490366,0.401628999,0.66989506,3.496503333,10.95785476,38.31417571,6.935154223,-0.0209,-0.058400001,0.357876702,9.518270322,9.214782216,1.032934919,35.85144798,0.028811526
Delft,Delft-24,2.453021291,14805583.25,0.149931177,0.543115932,0.739490366,0.401628999,0.66989506,3.496503333,10.95785476,38.31417571,6.935154223,-0.0209,-0.058400001,0.357876702,9.518270322,9.214782216,1.032934919,35.85144798,0.028811526
Delft,Delft-24,3.441043755,17258225.32,0.174768261,0.543115932,0.739490366,0.401628999,0.66989506,3.496503333,10.95785476,38.31417571,6.935154223,-0.0209,-0.058400001,0.357876702,9.518270322,9.214782216,1.032934919,35.85144798,0.028811526
Delft,Delft-24,4.633484661,19750747.76,0.2000092,0.543115932,0.739490366,0.401628999,0.66989506,3.496503333,10.95785476,38.31417571,6.935154223,-0.0209,-0.058400001,0.357876702,9.518270322,9.214782216,1.032934919,35.85144798,0.028811526
Delft,Delft-24,7.836040235,24725822.53,0.250390114,0.543115932,0.739490366,0.401628999,0.66989506,3.496503333,10.95785476,38.31417571,6.935154223,-0.0209,-0.058400001,0.357876702,9.518270322,9.214782216,1.032934919,35.85144798,0.028811526
Delft,Delft-24,11.95847879,29631106.68,0.300064281,0.543115932,0.739490366,0.401628999,0.66989506,3.496503333,10.95785476,38.31417571,6.935154223,-0.0209,-0.058400001,0.357876702,9.518270322,9.214782216,1.032934919,35.85144798,0.028811526
Delft,Delft-24,18.12510176,34506480.56,0.349435558,0.543115932,0.739490366,0.401628999,0.66989506,3.496503333,10.95785476,38.31417571,6.935154223,-0.0209,-0.058400001,0.357876702,9.518270322,9.214782216,1.032934919,35.85144798,0.028811526
Delft,Delft-24,29.98137133,39411764.71,0.399109725,0.543115932,0.739490366,0.401628999,0.66989506,3.496503333,10.95785476,38.31417571,6.935154223,-0.0209,-0.058400001,0.357876702,9.518270322,9.214782216,1.032934919,35.85144798,0.028811526
Delft,Delft-24,48.75379816,44346959.12,0.449086784,0.543115932,0.739490366,0.401628999,0.66989506,3.496503333,10.95785476,38.31417571,6.935154223,-0.0209,-0.058400001,0.357876702,9.518270322,9.214782216,1.032934919,35.85144798,0.028811526
Delft,Delft-24,67.66250394,49451645.06,0.500780227,0.543115932,0.739490366,0.401628999,0.66989506,3.496503333,10.95785476,38.31417571,6.935154223,-0.0209,-0.058400001,0.357876702,9.518270322,9.214782216,1.032934919,35.85144798,0.028811526
Delft,Delft-24,81.39260922,54356929.21,0.550454395,0.543115932,0.739490366,0.401628999,0.66989506,3.496503333,10.95785476,38.31417571,6.935154223,-0.0209,-0.058400001,0.357876702,9.518270322,9.214782216,1.032934919,35.85144798,0.028811526
Delft,Delft-24,95.56562113,59282153.54,0.60033049,0.543115932,0.739490366,0.401628999,0.66989506,3.496503333,10.95785476,38.31417571,6.935154223,-0.0209,-0.058400001,0.357876702,9.518270322,9.214782216,1.032934919,35.85144798,0.028811526
Delft,Delft-24,107.1493328,64207377.87,0.650206585,0.543115932,0.739490366,0.401628999,0.66989506,3.496503333,10.95785476,38.31417571,6.935154223,-0.0209,-0.058400001,0.357876702,9.518270322,9.214782216,1.032934919,35.85144798,0.028811526
Delft,Delft-24,118.0857194,69112662.01,0.699880753,0.543115932,0.739490366,0.401628999,0.66989506,3.496503333,10.95785476,38.31417571,6.935154223,-0.0209,-0.058400001,0.357876702,9.518270322,9.214782216,1.032934919,35.85144798,0.028811526
Delft,Delft-24,128.7154783,73948155.53,0.748848174,0.543115932,0.739490366,0.401628999,0.66989506,3.496503333,10.95785476,38.31417571,6.935154223,-0.0209,-0.058400001,0.357876702,9.518270322,9.214782216,1.032934919,35.85144798,0.028811526
Delft,Delft-24,140.6058176,79012961.12,0.800137762,0.543115932,0.739490366,0.401628999,0.66989506,3.496503333,10.95785476,38.31417571,6.935154223,-0.0209,-0.058400001,0.357876702,9.518270322,9.214782216,1.032934919,35.85144798,0.028811526
Delft,Delft-24,153.9952255,83958125.62,0.850215785,0.543115932,0.739490366,0.401628999,0.66989506,3.496503333,10.95785476,38.31417571,6.935154223,-0.0209,-0.058400001,0.357876702,9.518270322,9.214782216,1.032934919,35.85144798,0.028811526
Delft,Delft-24,168.4067256,88893320.04,0.900192844,0.543115932,0.739490366,0.401628999,0.66989506,3.496503333,10.95785476,38.31417571,6.935154223,-0.0209,-0.058400001,0.357876702,9.518270322,9.214782216,1.032934919,35.85144798,0.028811526
Delft,Delft-24,183.7721784,93828514.46,0.950169903,0.543115932,0.739490366,0.401628999,0.66989506,3.496503333,10.95785476,38.31417571,6.935154223,-0.0209,-0.058400001,0.357876702,9.518270322,9.214782216,1.032934919,35.85144798,0.028811526
Delft,Delft-24,200.1597234,98763708.87,1.000146962,0.543115932,0.739490366,0.401628999,0.66989506,3.496503333,10.95785476,38.31417571,6.935154223,-0.0209,-0.058400001,0.357876702,9.518270322,9.214782216,1.032934919,35.85144798,0.028811526
Delft,Delft-24,217.4671514,103698903.3,1.050124021,0.543115932,0.739490366,0.401628999,0.66989506,3.496503333,10.95785476,38.31417571,6.935154223,-0.0209,-0.058400001,0.357876702,9.518270322,9.214782216,1.032934919,35.85144798,0.028811526
Delft,Delft-24,235.1152768,108644067.8,1.100202043,0.543115932,0.739490366,0.401628999,0.66989506,3.496503333,10.95785476,38.31417571,6.935154223,-0.0209,-0.058400001,0.357876702,9.518270322,9.214782216,1.032934919,35.85144798,0.028811526
Delft,Delft-24,252.4227048,113579262.2,1.150179102,0.543115932,0.739490366,0.401628999,0.66989506,3.496503333,10.95785476,38.31417571,6.935154223,-0.0209,-0.058400001,0.357876702,9.518270322,9.214782216,1.032934919,35.85144798,0.028811526
Delft,Delft-25,0.441882243,8823529.412,0.089352924,0.548398556,0.726724181,0.398534492,0.671320021,4.0,5.387931103,21.55172441,6.002866718,-0.0199,-0.055399999,0.359205778,6.795729344,6.047655025,1.123696592,22.37129255,0.0502294
Delft,Delft-25,1.016329158,13240279.16,0.134079867,0.548398556,0.726724181,0.398534492,0.671320021,4.0,5.387931103,21.55172441,6.002866718,-0.0199,-0.055399999,0.359205778,6.795729344,6.047655025,1.123696592,22.37129255,0.0502294
Delft,Delft-25,1.877999531,17657028.91,0.178806811,0.548398556,0.726724181,0.398534492,0.671320021,4.0,5.387931103,21.55172441,6.002866718,-0.0199,-0.055399999,0.359205778,6.795729344,6.047655025,1.123696592,22.37129255,0.0502294
Delft,Delft-25,3.512963828,22073778.66,0.223533755,0.548398556,0.726724181,0.398534492,0.671320021,4.0,5.387931103,21.55172441,6.002866718,-0.0199,-0.055399999,0.359205778,6.795729344,6.047655025,1.123696592,22.37129255,0.0502294
Delft,Delft-25,5.633998593,26510468.59,0.268462626,0.548398556,0.726724181,0.398534492,0.671320021,4.0,5.387931103,21.55172441,6.002866718,-0.0199,-0.055399999,0.359205778,6.795729344,6.047655025,1.123696592,22.37129255,0.0502294
Delft,Delft-25,8.550421393,30917248.26,0.313088606,0.548398556,0.726724181,0.398534492,0.671320021,4.0,5.387931103,21.55172441,6.002866718,-0.0199,-0.055399999,0.359205778,6.795729344,6.047655025,1.123696592,22.37129255,0.0502294
Delft,Delft-25,13.80882008,35333998.01,0.357815549,0.548398556,0.726724181,0.398534492,0.671320021,4.0,5.387931103,21.55172441,6.002866718,-0.0199,-0.055399999,0.359205778,6.795729344,6.047655025,1.123696592,22.37129255,0.0502294
Delft,Delft-25,24.98844082,39750747.76,0.402542493,0.548398556,0.726724181,0.398534492,0.671320021,4.0,5.387931103,21.55172441,6.002866718,-0.0199,-0.055399999,0.359205778,6.795729344,6.047655025,1.123696592,22.37129255,0.0502294
Delft,Delft-25,44.07775369,44167497.51,0.447269437,0.548398556,0.726724181,0.398534492,0.671320021,4.0,5.387931103,21.55172441,6.002866718,-0.0199,-0.055399999,0.359205778,6.795729344,6.047655025,1.123696592,22.37129255,0.0502294
Delft,Delft-25,62.15073742,48574277.17,0.491895417,0.548398556,0.726724181,0.398534492,0.671320021,4.0,5.387931103,21.55172441,6.002866718,-0.0199,-0.055399999,0.359205778,6.795729344,6.047655025,1.123696592,22.37129255,0.0502294
Delft,Delft-25,64.95668966,49381854.44,0.500073481,0.548398556,0.726724181,0.398534492,0.671320021,4.0,5.387931103,21.55172441,6.002866718,-0.0199,-0.055399999,0.359205778,6.795729344,6.047655025,1.123696592,22.37129255,0.0502294
Delft,Delft-25,76.8875102,52991026.92,0.53662236,0.548398556,0.726724181,0.398534492,0.671320021,4.0,5.387931103,21.55172441,6.002866718,-0.0199,-0.055399999,0.359205778,6.795729344,6.047655025,1.123696592,22.37129255,0.0502294
Delft,Delft-25,80.82026216,54307078.76,0.549949576,0.548398556,0.726724181,0.398534492,0.671320021,4.0,5.387931103,21.55172441,6.002866718,-0.0199,-0.055399999,0.359205778,6.795729344,6.047655025,1.123696592,22.37129255,0.0502294
Delft,Delft-25,93.59065897,59232303.09,0.599825671,0.548398556,0.726724181,0.398534492,0.671320021,4.0,5.387931103,21.55172441,6.002866718,-0.0199,-0.055399999,0.359205778,6.795729344,6.047655025,1.123696592,22.37129255,0.0502294
Delft,Delft-25,103.2899742,64187437.69,0.650004658,0.548398556,0.726724181,0.398534492,0.671320021,4.0,5.387931103,21.55172441,6.002866718,-0.0199,-0.055399999,0.359205778,6.795729344,6.047655025,1.123696592,22.37129255,0.0502294
Delft,Delft-25,111.4647957,69112662.01,0.699880753,0.548398556,0.726724181,0.398534492,0.671320021,4.0,5.387931103,21.55172441,6.002866718,-0.0199,-0.055399999,0.359205778,6.795729344,6.047655025,1.123696592,22.37129255,0.0502294
Delft,Delft-25,119.5512407,74057826.52,0.749958776,0.548398556,0.726724181,0.398534492,0.671320021,4.0,5.387931103,21.55172441,6.002866718,-0.0199,-0.055399999,0.359205778,6.795729344,6.047655025,1.123696592,22.37129255,0.0502294
Delft,Delft-26,1.189491131,9850448.654,0.09975219,0.54258239,0.749316517,0.406565947,0.678394567,3.993610116,12.90721646,51.54639023,7.970354541,-0.020500001,-0.063299999,0.323854676,10.90306173,10.79125556,1.010360811,47.15109743,0.02142815
Delft,Delft-26,3.103020343,14805583.25,0.149931177,0.54258239,0.749316517,0.406565947,0.678394567,3.993610116,12.90721646,51.54639023,7.970354541,-0.020500001,-0.063299999,0.323854676,10.90306173,10.79125556,1.010360811,47.15109743,0.02142815
Delft,Delft-26,5.895738651,19730807.58,0.199807272,0.54258239,0.749316517,0.406565947,0.678394567,3.993610116,12.90721646,51.54639023,7.970354541,-0.020500001,-0.063299999,0.323854676,10.90306173,10.79125556,1.010360811,47.15109743,0.02142815
Delft,Delft-26,9.619363062,24675972.08,0.249885295,0.54258239,0.749316517,0.406565947,0.678394567,3.993610116,12.90721646,51.54639023,7.970354541,-0.020500001,-0.063299999,0.323854676,10.90306173,10.79125556,1.010360811,47.15109743,0.02142815
Delft,Delft-26,14.4807616,29601196.41,0.29976139,0.54258239,0.749316517,0.406565947,0.678394567,3.993610116,12.90721646,51.54639023,7.970354541,-0.020500001,-0.063299999,0.323854676,10.90306173,10.79125556,1.010360811,47.15109743,0.02142815
Delft,Delft-26,21.10053833,34556331.01,0.349940376,0.54258239,0.749316517,0.406565947,0.678394567,3.993610116,12.90721646,51.54639023,7.970354541,-0.020500001,-0.063299999,0.323854676,10.90306173,10.79125556,1.010360811,47.15109743,0.02142815
Delft,Delft-26,32.37484558,39481555.33,0.399816472,0.54258239,0.749316517,0.406565947,0.678394567,3.993610116,12.90721646,51.54639023,7.970354541,-0.020500001,-0.063299999,0.323854676,10.90306173,10.79125556,1.010360811,47.15109743,0.02142815
Delft,Delft-26,48.9242874,44426719.84,0.449894494,0.54258239,0.749316517,0.406565947,0.678394567,3.993610116,12.90721646,51.54639023,7.970354541,-0.020500001,-0.063299999,0.323854676,10.90306173,10.79125556,1.010360811,47.15109743,0.02142815
Delft,Delft-26,64.02565307,49361914.26,0.499871553,0.54258239,0.749316517,0.406565947,0.678394567,3.993610116,12.90721646,51.54639023,7.970354541,-0.020500001,-0.063299999,0.323854676,10.90306173,10.79125556,1.010360811,47.15109743,0.02142815
Delft,Delft-26,78.14439563,54307078.76,0.549949576,0.54258239,0.749316517,0.406565947,0.678394567,3.993610116,12.90721646,51.54639023,7.970354541,-0.020500001,-0.063299999,0.323854676,10.90306173,10.79125556,1.010360811,47.15109743,0.02142815
Delft,Delft-26,91.38394909,59232303.09,0.599825671,0.54258239,0.749316517,0.406565947,0.678394567,3.993610116,12.90721646,51.54639023,7.970354541,-0.020500001,-0.063299999,0.323854676,10.90306173,10.79125556,1.010360811,47.15109743,0.02142815
Delft,Delft-26,103.5891624,64187437.69,0.650004658,0.54258239,0.749316517,0.406565947,0.678394567,3.993610116,12.90721646,51.54639023,7.970354541,-0.020500001,-0.063299999,0.323854676,10.90306173,10.79125556,1.010360811,47.15109743,0.02142815
Delft,Delft-26,116.0529608,69112662.01,0.699880753,0.54258239,0.749316517,0.406565947,0.678394567,3.993610116,12.90721646,51.54639023,7.970354541,-0.020500001,-0.063299999,0.323854676,10.90306173,10.79125556,1.010360811,47.15109743,0.02142815
Delft,Delft-26,127.7410041,74057826.52,0.749958776,0.54258239,0.749316517,0.406565947,0.678394567,3.993610116,12.90721646,51.54639023,7.970354541,-0.020500001,-0.063299999,0.323854676,10.90306173,10.79125556,1.010360811,47.15109743,0.02142815
Delft,Delft-27,0.385535034,9880358.923,0.100055082,0.546254278,0.723702027,0.395325329,0.676978463,4.496402984,2.460176854,11.06194655,5.01088052,-0.0188,-0.0524,0.358778618,5.42603857,3.780399698,1.435308169,14.85223374,0.096639212
Delft,Delft-27,0.950986416,14805583.25,0.149931177,0.546254278,0.723702027,0.395325329,0.676978463,4.496402984,2.460176854,11.06194655,5.01088052,-0.0188,-0.0524,0.358778618,5.42603857,3.780399698,1.435308169,14.85223374,0.096639212
Delft,Delft-27,1.837716993,19750747.76,0.2000092,0.546254278,0.723702027,0.395325329,0.676978463,4.496402984,2.460176854,11.06194655,5.01088052,-0.0188,-0.0524,0.358778618,5.42603857,3.780399698,1.435308169,14.85223374,0.096639212
Delft,Delft-27,3.084280268,24745762.71,0.250592041,0.546254278,0.723702027,0.395325329,0.676978463,4.496402984,2.460176854,11.06194655,5.01088052,-0.0188,-0.0524,0.358778618,5.42603857,3.780399698,1.435308169,14.85223374,0.096639212
Delft,Delft-27,5.294681127,29670987.04,0.300468136,0.546254278,0.723702027,0.395325329,0.676978463,4.496402984,2.460176854,11.06194655,5.01088052,-0.0188,-0.0524,0.358778618,5.42603857,3.780399698,1.435308169,14.85223374,0.096639212
Delft,Delft-27,8.828752268,34536390.83,0.349738449,0.546254278,0.723702027,0.395325329,0.676978463,4.496402984,2.460176854,11.06194655,5.01088052,-0.0188,-0.0524,0.358778618,5.42603857,3.780399698,1.435308169,14.85223374,0.096639212
Delft,Delft-27,23.76180923,39461615.15,0.399614544,0.546254278,0.723702027,0.395325329,0.676978463,4.496402984,2.460176854,11.06194655,5.01088052,-0.0188,-0.0524,0.358778618,5.42603857,3.780399698,1.435308169,14.85223374,0.096639212
Delft,Delft-27,52.23999704,44386839.48,0.449490639,0.546254278,0.723702027,0.395325329,0.676978463,4.496402984,2.460176854,11.06194655,5.01088052,-0.0188,-0.0524,0.358778618,5.42603857,3.780399698,1.435308169,14.85223374,0.096639212
Delft,Delft-27,83.81531629,49491525.42,0.501184082,0.546254278,0.723702027,0.395325329,0.676978463,4.496402984,2.460176854,11.06194655,5.01088052,-0.0188,-0.0524,0.358778618,5.42603857,3.780399698,1.435308169,14.85223374,0.096639212
Delft,Delft-27,103.3876448,54396809.57,0.55085825,0.546254278,0.723702027,0.395325329,0.676978463,4.496402984,2.460176854,11.06194655,5.01088052,-0.0188,-0.0524,0.358778618,5.42603857,3.780399698,1.435308169,14.85223374,0.096639212
Delft,Delft-27,116.7528593,59302093.72,0.600532418,0.546254278,0.723702027,0.395325329,0.676978463,4.496402984,2.460176854,11.06194655,5.01088052,-0.0188,-0.0524,0.358778618,5.42603857,3.780399698,1.435308169,14.85223374,0.096639212
Delft,Delft-27,125.8900396,64247258.23,0.65061044,0.546254278,0.723702027,0.395325329,0.676978463,4.496402984,2.460176854,11.06194655,5.01088052,-0.0188,-0.0524,0.358778618,5.42603857,3.780399698,1.435308169,14.85223374,0.096639212
Delft,Delft-27,130.9148462,69132602.19,0.70008268,0.546254278,0.723702027,0.395325329,0.676978463,4.496402984,2.460176854,11.06194655,5.01088052,-0.0188,-0.0524,0.358778618,5.42603857,3.780399698,1.435308169,14.85223374,0.096639212
Delft,Delft-27,132.7782656,74077766.7,0.750160703,0.546254278,0.723702027,0.395325329,0.676978463,4.496402984,2.460176854,11.06194655,5.01088052,-0.0188,-0.0524,0.358778618,5.42603857,3.780399698,1.435308169,14.85223374,0.096639212
Delft,Delft-28,0.803160661,9880358.923,0.100055082,0.543680284,0.735939792,0.400115955,0.672367199,4.500449918,6.753799201,30.39513507,6.992375038,-0.020500001,-0.059500001,0.344537817,7.882090317,7.304660111,1.079049565,29.96468418,0.03601071
Delft,Delft-28,1.920601582,14805583.25,0.149931177,0.543680284,0.735939792,0.400115955,0.672367199,4.500449918,6.753799201,30.39513507,6.992375038,-0.020500001,-0.059500001,0.344537817,7.882090317,7.304660111,1.079049565,29.96468418,0.03601071
Delft,Delft-28,3.631682991,19750747.76,0.2000092,0.543680284,0.735939792,0.400115955,0.672367199,4.500449918,6.753799201,30.39513507,6.992375038,-0.020500001,-0.059500001,0.344537817,7.882090317,7.304660111,1.079049565,29.96468418,0.03601071
Delft,Delft-28,6.076085004,24745762.71,0.250592041,0.543680284,0.735939792,0.400115955,0.672367199,4.500449918,6.753799201,30.39513507,6.992375038,-0.020500001,-0.059500001,0.344537817,7.882090317,7.304660111,1.079049565,29.96468418,0.03601071
Delft,Delft-28,9.56808788,29651046.86,0.300266209,0.543680284,0.735939792,0.400115955,0.672367199,4.500449918,6.753799201,30.39513507,6.992375038,-0.020500001,-0.059500001,0.344537817,7.882090317,7.304660111,1.079049565,29.96468418,0.03601071
Delft,Delft-28,14.35213182,34556331.01,0.349940376,0.543680284,0.735939792,0.400115955,0.672367199,4.500449918,6.753799201,30.39513507,6.992375038,-0.020500001,-0.059500001,0.344537817,7.882090317,7.304660111,1.079049565,29.96468418,0.03601071
Delft,Delft-28,24.93290053,39461615.15,0.399614544,0.543680284,0.735939792,0.400115955,0.672367199,4.500449918,6.753799201,30.39513507,6.992375038,-0.020500001,-0.059500001,0.344537817,7.882090317,7.304660111,1.079049565,29.96468418,0.03601071
Delft,Delft-28,42.11355468,44386839.48,0.449490639,0.543680284,0.735939792,0.400115955,0.672367199,4.500449918,6.753799201,30.39513507,6.992375038,-0.020500001,-0.059500001,0.344537817,7.882090317,7.304660111,1.079049565,29.96468418,0.03601071
Delft,Delft-28,57.96724774,49491525.42,0.501184082,0.543680284,0.735939792,0.400115955,0.672367199,4.500449918,6.753799201,30.39513507,6.992375038,-0.020500001,-0.059500001,0.344537817,7.882090317,7.304660111,1.079049565,29.96468418,0.03601071
Delft,Delft-28,71.13209858,54376869.39,0.550656322,0.543680284,0.735939792,0.400115955,0.672367199,4.500449918,6.753799201,30.39513507,6.992375038,-0.020500001,-0.059500001,0.344537817,7.882090317,7.304660111,1.079049565,29.96468418,0.03601071
Delft,Delft-28,82.51602796,59302093.72,0.600532418,0.543680284,0.735939792,0.400115955,0.672367199,4.500449918,6.753799201,30.39513507,6.992375038,-0.020500001,-0.059500001,0.344537817,7.882090317,7.304660111,1.079049565,29.96468418,0.03601071
Delft,Delft-28,93.27139681,64227318.05,0.650408513,0.543680284,0.735939792,0.400115955,0.672367199,4.500449918,6.753799201,30.39513507,6.992375038,-0.020500001,-0.059500001,0.344537817,7.882090317,7.304660111,1.079049565,29.96468418,0.03601071
Delft,Delft-28,102.9791648,69132602.19,0.70008268,0.543680284,0.735939792,0.400115955,0.672367199,4.500449918,6.753799201,30.39513507,6.992375038,-0.020500001,-0.059500001,0.344537817,7.882090317,7.304660111,1.079049565,29.96468418,0.03601071
Delft,Delft-28,112.4774126,74057826.52,0.749958776,0.543680284,0.735939792,0.400115955,0.672367199,4.500449918,6.753799201,30.39513507,6.992375038,-0.020500001,-0.059500001,0.344537817,7.882090317,7.304660111,1.079049565,29.96468418,0.03601071
Delft,Delft-28,121.8709004,79032901.3,0.80033969,0.543680284,0.735939792,0.400115955,0.672367199,4.500449918,6.753799201,30.39513507,6.992375038,-0.020500001,-0.059500001,0.344537817,7.882090317,7.304660111,1.079049565,29.96468418,0.03601071
Delft,Delft-28,132.0675488,83938185.44,0.850013857,0.543680284,0.735939792,0.400115955,0.672367199,4.500449918,6.753799201,30.39513507,6.992375038,-0.020500001,-0.059500001,0.344537817,7.882090317,7.304660111,1.079049565,29.96468418,0.03601071
Delft,Delft-28,143.241958,88883349.95,0.90009188,0.543680284,0.735939792,0.400115955,0.672367199,4.500449918,6.753799201,30.39513507,6.992375038,-0.020500001,-0.059500001,0.344537817,7.882090317,7.304660111,1.079049565,29.96468418,0.03601071
Delft,Delft-28,156.7909291,93848454.64,0.95037183,0.543680284,0.735939792,0.400115955,0.672367199,4.500449918,6.753799201,30.39513507,6.992375038,-0.020500001,-0.059500001,0.344537817,7.882090317,7.304660111,1.079049565,29.96468418,0.03601071
Delft,Delft-28,171.247821,98743768.69,0.999945034,0.543680284,0.735939792,0.400115955,0.672367199,4.500449918,6.753799201,30.39513507,6.992375038,-0.020500001,-0.059500001,0.344537817,7.882090317,7.304660111,1.079049565,29.96468418,0.03601071
Delft,Delft-28,189.476076,103698903.3,1.050124021,0.543680284,0.735939792,0.400115955,0.672367199,4.500449918,6.753799201,30.39513507,6.992375038,-0.020500001,-0.059500001,0.344537817,7.882090317,7.304660111,1.079049565,29.96468418,0.03601071
Delft,Delft-28,208.4376517,108654037.9,1.100303007,0.543680284,0.735939792,0.400115955,0.672367199,4.500449918,6.753799201,30.39513507,6.992375038,-0.020500001,-0.059500001,0.344537817,7.882090317,7.304660111,1.079049565,29.96468418,0.03601071
Delft,Delft-29,0.732039821,9810568.295,0.099348335,0.549074072,0.751304317,0.412521721,0.671400011,4.0,10.8695652,43.47826079,7.498282142,-0.045899998,-0.076300003,0.601572697,9.733539966,9.437238007,1.031397106,40.07407723,0.025737264
Delft,Delft-29,2.066935965,14715852.44,0.149022503,0.549074072,0.751304317,0.412521721,0.671400011,4.0,10.8695652,43.47826079,7.498282142,-0.045899998,-0.076300003,0.601572697,9.733539966,9.437238007,1.031397106,40.07407723,0.025737264
Delft,Delft-29,4.176933097,19840478.56,0.200917873,0.549074072,0.751304317,0.412521721,0.671400011,4.0,10.8695652,43.47826079,7.498282142,-0.045899998,-0.076300003,0.601572697,9.733539966,9.437238007,1.031397106,40.07407723,0.025737264
Delft,Delft-29,7.148153547,24745762.71,0.250592041,0.549074072,0.751304317,0.412521721,0.671400011,4.0,10.8695652,43.47826079,7.498282142,-0.045899998,-0.076300003,0.601572697,9.733539966,9.437238007,1.031397106,40.07407723,0.025737264
Delft,Delft-29,11.36814781,29651046.86,0.300266209,0.549074072,0.751304317,0.412521721,0.671400011,4.0,10.8695652,43.47826079,7.498282142,-0.045899998,-0.076300003,0.601572697,9.733539966,9.437238007,1.031397106,40.07407723,0.025737264
Delft,Delft-29,16.92303822,34556331.01,0.349940376,0.549074072,0.751304317,0.412521721,0.671400011,4.0,10.8695652,43.47826079,7.498282142,-0.045899998,-0.076300003,0.601572697,9.733539966,9.437238007,1.031397106,40.07407723,0.025737264
Delft,Delft-29,27.21465688,39461615.15,0.399614544,0.549074072,0.751304317,0.412521721,0.671400011,4.0,10.8695652,43.47826079,7.498282142,-0.045899998,-0.076300003,0.601572697,9.733539966,9.437238007,1.031397106,40.07407723,0.025737264
Delft,Delft-29,43.79320577,44366899.3,0.449288712,0.549074072,0.751304317,0.412521721,0.671400011,4.0,10.8695652,43.47826079,7.498282142,-0.045899998,-0.076300003,0.601572697,9.733539966,9.437238007,1.031397106,40.07407723,0.025737264
Delft,Delft-29,58.64930802,49272183.45,0.49896288,0.549074072,0.751304317,0.412521721,0.671400011,4.0,10.8695652,43.47826079,7.498282142,-0.045899998,-0.076300003,0.601572697,9.733539966,9.437238007,1.031397106,40.07407723,0.025737264
Delft,Delft-29,72.81643161,54396809.57,0.55085825,0.549074072,0.751304317,0.412521721,0.671400011,4.0,10.8695652,43.47826079,7.498282142,-0.045899998,-0.076300003,0.601572697,9.733539966,9.437238007,1.031397106,40.07407723,0.025737264
Delft,Delft-29,86.85437171,59302093.72,0.600532418,0.549074072,0.751304317,0.412521721,0.671400011,4.0,10.8695652,43.47826079,7.498282142,-0.045899998,-0.076300003,0.601572697,9.733539966,9.437238007,1.031397106,40.07407723,0.025737264
Delft,Delft-29,100.5478225,64207377.87,0.650206585,0.549074072,0.751304317,0.412521721,0.671400011,4.0,10.8695652,43.47826079,7.498282142,-0.045899998,-0.076300003,0.601572697,9.733539966,9.437238007,1.031397106,40.07407723,0.025737264
Delft,Delft-29,110.5810741,69112662.01,0.699880753,0.549074072,0.751304317,0.412521721,0.671400011,4.0,10.8695652,43.47826079,7.498282142,-0.045899998,-0.076300003,0.601572697,9.733539966,9.437238007,1.031397106,40.07407723,0.025737264
Delft,Delft-29,120.8296316,74017946.16,0.749554921,0.549074072,0.751304317,0.412521721,0.671400011,4.0,10.8695652,43.47826079,7.498282142,-0.045899998,-0.076300003,0.601572697,9.733539966,9.437238007,1.031397106,40.07407723,0.025737264
Delft,Delft-31,0.877823932,8823529.412,0.089352924,0.548484825,0.751898778,0.41240507,0.67404002,4.0,15.82278557,63.2911423,8.498839804,-0.045299999,-0.078100003,0.580025576,12.16719018,12.1715245,0.999643897,56.71717043,0.017625066
Delft,Delft-31,2.633471795,13240279.16,0.134079867,0.548484825,0.751898778,0.41240507,0.67404002,4.0,15.82278557,63.2911423,8.498839804,-0.045299999,-0.078100003,0.580025576,12.16719018,12.1715245,0.999643897,56.71717043,0.017625066
Delft,Delft-31,5.078838462,17637088.73,0.178604883,0.548484825,0.751898778,0.41240507,0.67404002,4.0,15.82278557,63.2911423,8.498839804,-0.045299999,-0.078100003,0.580025576,12.16719018,12.1715245,0.999643897,56.71717043,0.017625066
Delft,Delft-31,8.464730771,22073778.66,0.223533755,0.548484825,0.751898778,0.41240507,0.67404002,4.0,15.82278557,63.2911423,8.498839804,-0.045299999,-0.078100003,0.580025576,12.16719018,12.1715245,0.999643897,56.71717043,0.017625066
Delft,Delft-31,12.72844701,26510468.59,0.268462626,0.548484825,0.751898778,0.41240507,0.67404002,4.0,15.82278557,63.2911423,8.498839804,-0.045299999,-0.078100003,0.580025576,12.16719018,12.1715245,0.999643897,56.71717043,0.017625066
Delft,Delft-31,18.43430257,30917248.26,0.313088606,0.548484825,0.751898778,0.41240507,0.67404002,4.0,15.82278557,63.2911423,8.498839804,-0.045299999,-0.078100003,0.580025576,12.16719018,12.1715245,0.999643897,56.71717043,0.017625066
Delft,Delft-31,25.39419231,35333998.01,0.357815549,0.548484825,0.751898778,0.41240507,0.67404002,4.0,15.82278557,63.2911423,8.498839804,-0.045299999,-0.078100003,0.580025576,12.16719018,12.1715245,0.999643897,56.71717043,0.017625066
Delft,Delft-31,34.6113436,39750747.76,0.402542493,0.548484825,0.751898778,0.41240507,0.67404002,4.0,15.82278557,63.2911423,8.498839804,-0.045299999,-0.078100003,0.580025576,12.16719018,12.1715245,0.999643897,56.71717043,0.017625066
Delft,Delft-31,47.9668077,44167497.51,0.447269437,0.548484825,0.751898778,0.41240507,0.67404002,4.0,15.82278557,63.2911423,8.498839804,-0.045299999,-0.078100003,0.580025576,12.16719018,12.1715245,0.999643897,56.71717043,0.017625066
Delft,Delft-31,62.26279745,48574277.17,0.491895417,0.548484825,0.751898778,0.41240507,0.67404002,4.0,15.82278557,63.2911423,8.498839804,-0.045299999,-0.078100003,0.580025576,12.16719018,12.1715245,0.999643897,56.71717043,0.017625066
Delft,Delft-31,75.49285813,52991026.92,0.53662236,0.548484825,0.751898778,0.41240507,0.67404002,4.0,15.82278557,63.2911423,8.498839804,-0.045299999,-0.078100003,0.580025576,12.16719018,12.1715245,0.999643897,56.71717043,0.017625066
Delft,Delft-31,88.34670856,57407776.67,0.581349304,0.548484825,0.751898778,0.41240507,0.67404002,4.0,15.82278557,63.2911423,8.498839804,-0.045299999,-0.078100003,0.580025576,12.16719018,12.1715245,0.999643897,56.71717043,0.017625066
Delft,Delft-31,102.0783829,61824526.42,0.626076248,0.548484825,0.751898778,0.41240507,0.67404002,4.0,15.82278557,63.2911423,8.498839804,-0.045299999,-0.078100003,0.580025576,12.16719018,12.1715245,0.999643897,56.71717043,0.017625066
Delft,Delft-31,117.1894949,66231306.08,0.670702228,0.548484825,0.751898778,0.41240507,0.67404002,4.0,15.82278557,63.2911423,8.498839804,-0.045299999,-0.078100003,0.580025576,12.16719018,12.1715245,0.999643897,56.71717043,0.017625066
Delft,Delft-31,125.0272086,69112662.01,0.699880753,0.548484825,0.751898778,0.41240507,0.67404002,4.0,15.82278557,63.2911423,8.498839804,-0.045299999,-0.078100003,0.580025576,12.16719018,12.1715245,0.999643897,56.71717043,0.017625066
Delft,Delft-31,137.881059,74017946.16,0.749554921,0.548484825,0.751898778,0.41240507,0.67404002,4.0,15.82278557,63.2911423,8.498839804,-0.045299999,-0.078100003,0.580025576,12.16719018,12.1715245,0.999643897,56.71717043,0.017625066
Delft,Delft-33,0.904284485,9810568.295,0.099348335,0.549074072,0.751304317,0.412521721,0.659240007,4.0,10.8695652,43.47826079,7.498282142,-0.065499999,-0.087300003,0.750286331,9.446795702,9.266316287,1.019476932,38.89351889,0.026212
Delft,Delft-33,2.454486459,14715852.44,0.149022503,0.549074072,0.751304317,0.412521721,0.659240007,4.0,10.8695652,43.47826079,7.498282142,-0.065499999,-0.087300003,0.750286331,9.446795702,9.266316287,1.019476932,38.89351889,0.026212
Delft,Delft-33,4.56448359,19840478.56,0.200917873,0.549074072,0.751304317,0.412521721,0.659240007,4.0,10.8695652,43.47826079,7.498282142,-0.065499999,-0.087300003,0.750286331,9.446795702,9.266316287,1.019476932,38.89351889,0.026212
Delft,Delft-33,7.234275879,24745762.71,0.250592041,0.549074072,0.751304317,0.412521721,0.659240007,4.0,10.8695652,43.47826079,7.498282142,-0.065499999,-0.087300003,0.750286331,9.446795702,9.266316287,1.019476932,38.89351889,0.026212
Delft,Delft-33,11.15284198,29651046.86,0.300266209,0.549074072,0.751304317,0.412521721,0.659240007,4.0,10.8695652,43.47826079,7.498282142,-0.065499999,-0.087300003,0.750286331,9.446795702,9.266316287,1.019476932,38.89351889,0.026212
Delft,Delft-33,17.56895571,34556331.01,0.349940376,0.549074072,0.751304317,0.412521721,0.659240007,4.0,10.8695652,43.47826079,7.498282142,-0.065499999,-0.087300003,0.750286331,9.446795702,9.266316287,1.019476932,38.89351889,0.026212
Delft,Delft-33,28.03281903,39461615.15,0.399614544,0.549074072,0.751304317,0.412521721,0.659240007,4.0,10.8695652,43.47826079,7.498282142,-0.065499999,-0.087300003,0.750286331,9.446795702,9.266316287,1.019476932,38.89351889,0.026212
Delft,Delft-33,42.54443195,44366899.3,0.449288712,0.549074072,0.751304317,0.412521721,0.659240007,4.0,10.8695652,43.47826079,7.498282142,-0.065499999,-0.087300003,0.750286331,9.446795702,9.266316287,1.019476932,38.89351889,0.026212
Delft,Delft-33,56.32400505,49272183.45,0.49896288,0.549074072,0.751304317,0.412521721,0.659240007,4.0,10.8695652,43.47826079,7.498282142,-0.065499999,-0.087300003,0.750286331,9.446795702,9.266316287,1.019476932,38.89351889,0.026212
Delft,Delft-33,70.01745583,54396809.57,0.55085825,0.549074072,0.751304317,0.412521721,0.659240007,4.0,10.8695652,43.47826079,7.498282142,-0.065499999,-0.087300003,0.750286331,9.446795702,9.266316287,1.019476932,38.89351889,0.026212
Delft,Delft-33,83.53866193,59302093.72,0.600532418,0.549074072,0.751304317,0.412521721,0.659240007,4.0,10.8695652,43.47826079,7.498282142,-0.065499999,-0.087300003,0.750286331,9.446795702,9.266316287,1.019476932,38.89351889,0.026212
Delft,Delft-33,98.56700885,64207377.87,0.650206585,0.549074072,0.751304317,0.412521721,0.659240007,4.0,10.8695652,43.47826079,7.498282142,-0.065499999,-0.087300003,0.750286331,9.446795702,9.266316287,1.019476932,38.89351889,0.026212
Delft,Delft-33,109.2031168,69112662.01,0.699880753,0.549074072,0.751304317,0.412521721,0.659240007,4.0,10.8695652,43.47826079,7.498282142,-0.065499999,-0.087300003,0.750286331,9.446795702,9.266316287,1.019476932,38.89351889,0.026212
Delft,Delft-33,118.2459617,74237288.14,0.751776123,0.549074072,0.751304317,0.412521721,0.659240007,4.0,10.8695652,43.47826079,7.498282142,-0.065499999,-0.087300003,0.750286331,9.446795702,9.266316287,1.019476932,38.89351889,0.026212
Delft,Delft-35,1.320973467,9810568.295,0.099348335,0.580387462,0.757798118,0.439816526,0.693960011,4.0,11.46788979,45.87155917,7.472122499,-0.0449,-0.075800002,0.592348274,9.941555093,9.686400467,1.026341532,43.11380255,0.023805405
Delft,Delft-35,2.599334887,14715852.44,0.149022503,0.580387462,0.757798118,0.439816526,0.693960011,4.0,11.46788979,45.87155917,7.472122499,-0.0449,-0.075800002,0.592348274,9.941555093,9.686400467,1.026341532,43.11380255,0.023805405
Delft,Delft-35,4.857773396,19621136.59,0.198696671,0.580387462,0.757798118,0.439816526,0.693960011,4.0,11.46788979,45.87155917,7.472122499,-0.0449,-0.075800002,0.592348274,9.941555093,9.686400467,1.026341532,43.11380255,0.023805405
Delft,Delft-35,8.138901041,24745762.71,0.250592041,0.580387462,0.757798118,0.439816526,0.693960011,4.0,11.46788979,45.87155917,7.472122499,-0.0449,-0.075800002,0.592348274,9.941555093,9.686400467,1.026341532,43.11380255,0.023805405
Delft,Delft-35,12.44271782,29651046.86,0.300266209,0.580387462,0.757798118,0.439816526,0.693960011,4.0,11.46788979,45.87155917,7.472122499,-0.0449,-0.075800002,0.592348274,9.941555093,9.686400467,1.026341532,43.11380255,0.023805405
Delft,Delft-35,19.00497311,34556331.01,0.349940376,0.580387462,0.757798118,0.439816526,0.693960011,4.0,11.46788979,45.87155917,7.472122499,-0.0449,-0.075800002,0.592348274,9.941555093,9.686400467,1.026341532,43.11380255,0.023805405
Delft,Delft-35,29.57276085,39680957.13,0.401835747,0.580387462,0.757798118,0.439816526,0.693960011,4.0,11.46788979,45.87155917,7.472122499,-0.0449,-0.075800002,0.592348274,9.941555093,9.686400467,1.026341532,43.11380255,0.023805405
Delft,Delft-35,44.0182449,44366899.3,0.449288712,0.580387462,0.757798118,0.439816526,0.693960011,4.0,11.46788979,45.87155917,7.472122499,-0.0449,-0.075800002,0.592348274,9.941555093,9.686400467,1.026341532,43.11380255,0.023805405
Delft,Delft-35,57.95238438,49272183.45,0.49896288,0.580387462,0.757798118,0.439816526,0.693960011,4.0,11.46788979,45.87155917,7.472122499,-0.0449,-0.075800002,0.592348274,9.941555093,9.686400467,1.026341532,43.11380255,0.023805405
Delft,Delft-35,69.88375763,54396809.57,0.55085825,0.580387462,0.757798118,0.439816526,0.693960011,4.0,11.46788979,45.87155917,7.472122499,-0.0449,-0.075800002,0.592348274,9.941555093,9.686400467,1.026341532,43.11380255,0.023805405
Delft,Delft-35,83.69006097,59302093.72,0.600532418,0.580387462,0.757798118,0.439816526,0.693960011,4.0,11.46788979,45.87155917,7.472122499,-0.0449,-0.075800002,0.592348274,9.941555093,9.686400467,1.026341532,43.11380255,0.023805405
Delft,Delft-35,98.00770887,64207377.87,0.650206585,0.580387462,0.757798118,0.439816526,0.693960011,4.0,11.46788979,45.87155917,7.472122499,-0.0449,-0.075800002,0.592348274,9.941555093,9.686400467,1.026341532,43.11380255,0.023805405
Delft,Delft-35,108.7459448,69112662.01,0.699880753,0.580387462,0.757798118,0.439816526,0.693960011,4.0,11.46788979,45.87155917,7.472122499,-0.0449,-0.075800002,0.592348274,9.941555093,9.686400467,1.026341532,43.11380255,0.023805405
Delft,Delft-36,1.1495661,9810568.295,0.099348335,0.55149427,0.707317106,0.390081331,0.662999988,4.0,10.16260196,40.65040784,7.470045451,-0.0436,-0.072899997,0.59807959,9.477898574,9.249111553,1.024736108,39.045978,0.026244345
Delft,Delft-36,2.426861767,14715852.44,0.149022503,0.55149427,0.707317106,0.390081331,0.662999988,4.0,10.16260196,40.65040784,7.470045451,-0.0436,-0.072899997,0.59807959,9.477898574,9.249111553,1.024736108,39.045978,0.026244345
Delft,Delft-36,4.640840923,19840478.56,0.200917873,0.55149427,0.707317106,0.390081331,0.662999988,4.0,10.16260196,40.65040784,7.470045451,-0.0436,-0.072899997,0.59807959,9.477898574,9.249111553,1.024736108,39.045978,0.026244345
Delft,Delft-36,7.621197478,24745762.71,0.250592041,0.55149427,0.707317106,0.390081331,0.662999988,4.0,10.16260196,40.65040784,7.470045451,-0.0436,-0.072899997,0.59807959,9.477898574,9.249111553,1.024736108,39.045978,0.026244345
Delft,Delft-36,11.62339057,29651046.86,0.300266209,0.55149427,0.707317106,0.390081331,0.662999988,4.0,10.16260196,40.65040784,7.470045451,-0.0436,-0.072899997,0.59807959,9.477898574,9.249111553,1.024736108,39.045978,0.026244345
Delft,Delft-36,17.37122107,34556331.01,0.349940376,0.55149427,0.707317106,0.390081331,0.662999988,4.0,10.16260196,40.65040784,7.470045451,-0.0436,-0.072899997,0.59807959,9.477898574,9.249111553,1.024736108,39.045978,0.026244345
Delft,Delft-36,27.37670379,39461615.15,0.399614544,0.55149427,0.707317106,0.390081331,0.662999988,4.0,10.16260196,40.65040784,7.470045451,-0.0436,-0.072899997,0.59807959,9.477898574,9.249111553,1.024736108,39.045978,0.026244345
Delft,Delft-36,41.42695612,44366899.3,0.449288712,0.55149427,0.707317106,0.390081331,0.662999988,4.0,10.16260196,40.65040784,7.470045451,-0.0436,-0.072899997,0.59807959,9.477898574,9.249111553,1.024736108,39.045978,0.026244345
Delft,Delft-36,56.58419804,49272183.45,0.49896288,0.55149427,0.707317106,0.390081331,0.662999988,4.0,10.16260196,40.65040784,7.470045451,-0.0436,-0.072899997,0.59807959,9.477898574,9.249111553,1.024736108,39.045978,0.026244345
Delft,Delft-36,69.91064949,54396809.57,0.55085825,0.55149427,0.707317106,0.390081331,0.662999988,4.0,10.16260196,40.65040784,7.470045451,-0.0436,-0.072899997,0.59807959,9.477898574,9.249111553,1.024736108,39.045978,0.026244345
Delft,Delft-36,82.59845312,59302093.72,0.600532418,0.55149427,0.707317106,0.390081331,0.662999988,4.0,10.16260196,40.65040784,7.470045451,-0.0436,-0.072899997,0.59807959,9.477898574,9.249111553,1.024736108,39.045978,0.026244345
Delft,Delft-36,96.90416458,64207377.87,0.650206585,0.55149427,0.707317106,0.390081331,0.662999988,4.0,10.16260196,40.65040784,7.470045451,-0.0436,-0.072899997,0.59807959,9.477898574,9.249111553,1.024736108,39.045978,0.026244345
Delft,Delft-36,108.6978612,69112662.01,0.699880753,0.55149427,0.707317106,0.390081331,0.662999988,4.0,10.16260196,40.65040784,7.470045451,-0.0436,-0.072899997,0.59807959,9.477898574,9.249111553,1.024736108,39.045978,0.026244345
Delft,Delft-36,119.1291092,74017946.16,0.749554921,0.55149427,0.707317106,0.390081331,0.662999988,4.0,10.16260196,40.65040784,7.470045451,-0.0436,-0.072899997,0.59807959,9.477898574,9.249111553,1.024736108,39.045978,0.026244345
Delft,Delft-37,1.106528329,9810568.295,0.099348335,0.551724156,0.656603791,0.362264172,0.653720021,4.0,9.433962376,37.7358495,7.469007793,-0.044199999,-0.069300003,0.637806599,9.375408432,9.117118927,1.028330167,38.6344833,0.0266169
Delft,Delft-37,2.553526912,14715852.44,0.149022503,0.551724156,0.656603791,0.362264172,0.653720021,4.0,9.433962376,37.7358495,7.469007793,-0.044199999,-0.069300003,0.637806599,9.375408432,9.117118927,1.028330167,38.6344833,0.0266169
Delft,Delft-37,4.468672097,19621136.59,0.198696671,0.551724156,0.656603791,0.362264172,0.653720021,4.0,9.433962376,37.7358495,7.469007793,-0.044199999,-0.069300003,0.637806599,9.375408432,9.117118927,1.028330167,38.6344833,0.0266169
Delft,Delft-37,7.447786828,24745762.71,0.250592041,0.551724156,0.656603791,0.362264172,0.653720021,4.0,9.433962376,37.7358495,7.469007793,-0.044199999,-0.069300003,0.637806599,9.375408432,9.117118927,1.028330167,38.6344833,0.0266169
Delft,Delft-37,11.40575354,29651046.86,0.300266209,0.551724156,0.656603791,0.362264172,0.653720021,4.0,9.433962376,37.7358495,7.469007793,-0.044199999,-0.069300003,0.637806599,9.375408432,9.117118927,1.028330167,38.6344833,0.0266169
Delft,Delft-37,17.27886544,34556331.01,0.349940376,0.551724156,0.656603791,0.362264172,0.653720021,4.0,9.433962376,37.7358495,7.469007793,-0.044199999,-0.069300003,0.637806599,9.375408432,9.117118927,1.028330167,38.6344833,0.0266169
Delft,Delft-37,26.89715014,39680957.13,0.401835747,0.551724156,0.656603791,0.362264172,0.653720021,4.0,9.433962376,37.7358495,7.469007793,-0.044199999,-0.069300003,0.637806599,9.375408432,9.117118927,1.028330167,38.6344833,0.0266169
Delft,Delft-37,41.70760624,44366899.3,0.449288712,0.551724156,0.656603791,0.362264172,0.653720021,4.0,9.433962376,37.7358495,7.469007793,-0.044199999,-0.069300003,0.637806599,9.375408432,9.117118927,1.028330167,38.6344833,0.0266169
Delft,Delft-37,54.43268202,49272183.45,0.49896288,0.551724156,0.656603791,0.362264172,0.653720021,4.0,9.433962376,37.7358495,7.469007793,-0.044199999,-0.069300003,0.637806599,9.375408432,9.117118927,1.028330167,38.6344833,0.0266169
Delft,Delft-37,68.51963882,54396809.57,0.55085825,0.551724156,0.656603791,0.362264172,0.653720021,4.0,9.433962376,37.7358495,7.469007793,-0.044199999,-0.069300003,0.637806599,9.375408432,9.117118927,1.028330167,38.6344833,0.0266169
Delft,Delft-37,82.22356658,59302093.72,0.600532418,0.551724156,0.656603791,0.362264172,0.653720021,4.0,9.433962376,37.7358495,7.469007793,-0.044199999,-0.069300003,0.637806599,9.375408432,9.117118927,1.028330167,38.6344833,0.0266169
Delft,Delft-37,96.31052338,64207377.87,0.650206585,0.551724156,0.656603791,0.362264172,0.653720021,4.0,9.433962376,37.7358495,7.469007793,-0.044199999,-0.069300003,0.637806599,9.375408432,9.117118927,1.028330167,38.6344833,0.0266169
Delft,Delft-37,107.4183654,69112662.01,0.699880753,0.551724156,0.656603791,0.362264172,0.653720021,4.0,9.433962376,37.7358495,7.469007793,-0.044199999,-0.069300003,0.637806599,9.375408432,9.117118927,1.028330167,38.6344833,0.0266169
Delft,Delft-38,1.250883121,9880358.923,0.100055082,0.546882252,0.75530806,0.413064573,0.675127543,3.00030008,19.377906,58.13953291,7.502501559,-0.045299999,-0.078599997,0.576335893,12.60221538,12.66582027,0.994978225,51.70670006,0.019242733
Delft,Delft-38,3.235042554,14805583.25,0.149931177,0.546882252,0.75530806,0.413064573,0.675127543,3.00030008,19.377906,58.13953291,7.502501559,-0.045299999,-0.078599997,0.576335893,12.60221538,12.66582027,0.994978225,51.70670006,0.019242733
Delft,Delft-38,6.340683405,19770687.94,0.200211127,0.546882252,0.75530806,0.413064573,0.675127543,3.00030008,19.377906,58.13953291,7.502501559,-0.045299999,-0.078599997,0.576335893,12.60221538,12.66582027,0.994978225,51.70670006,0.019242733
Delft,Delft-38,10.91287688,24745762.71,0.250592041,0.546882252,0.75530806,0.413064573,0.675127543,3.00030008,19.377906,58.13953291,7.502501559,-0.045299999,-0.078599997,0.576335893,12.60221538,12.66582027,0.994978225,51.70670006,0.019242733
Delft,Delft-38,16.26148057,29651046.86,0.300266209,0.546882252,0.75530806,0.413064573,0.675127543,3.00030008,19.377906,58.13953291,7.502501559,-0.045299999,-0.078599997,0.576335893,12.60221538,12.66582027,0.994978225,51.70670006,0.019242733
Delft,Delft-38,24.1118505,34556331.01,0.349940376,0.546882252,0.75530806,0.413064573,0.675127543,3.00030008,19.377906,58.13953291,7.502501559,-0.045299999,-0.078599997,0.576335893,12.60221538,12.66582027,0.994978225,51.70670006,0.019242733
Delft,Delft-38,37.18142242,39461615.15,0.399614544,0.546882252,0.75530806,0.413064573,0.675127543,3.00030008,19.377906,58.13953291,7.502501559,-0.045299999,-0.078599997,0.576335893,12.60221538,12.66582027,0.994978225,51.70670006,0.019242733
Delft,Delft-38,54.95258951,44386839.48,0.449490639,0.546882252,0.75530806,0.413064573,0.675127543,3.00030008,19.377906,58.13953291,7.502501559,-0.045299999,-0.078599997,0.576335893,12.60221538,12.66582027,0.994978225,51.70670006,0.019242733
Delft,Delft-38,73.80210413,49511465.6,0.50138601,0.546882252,0.75530806,0.413064573,0.675127543,3.00030008,19.377906,58.13953291,7.502501559,-0.045299999,-0.078599997,0.576335893,12.60221538,12.66582027,0.994978225,51.70670006,0.019242733
Delft,Delft-38,89.15777278,54376869.39,0.550656322,0.546882252,0.75530806,0.413064573,0.675127543,3.00030008,19.377906,58.13953291,7.502501559,-0.045299999,-0.078599997,0.576335893,12.60221538,12.66582027,0.994978225,51.70670006,0.019242733
Delft,Delft-38,103.6507634,59302093.72,0.600532418,0.546882252,0.75530806,0.413064573,0.675127543,3.00030008,19.377906,58.13953291,7.502501559,-0.045299999,-0.078599997,0.576335893,12.60221538,12.66582027,0.994978225,51.70670006,0.019242733
Delft,Delft-38,115.9439251,64227318.05,0.650408513,0.546882252,0.75530806,0.413064573,0.675127543,3.00030008,19.377906,58.13953291,7.502501559,-0.045299999,-0.078599997,0.576335893,12.60221538,12.66582027,0.994978225,51.70670006,0.019242733
Delft,Delft-38,126.4685969,69132602.19,0.70008268,0.546882252,0.75530806,0.413064573,0.675127543,3.00030008,19.377906,58.13953291,7.502501559,-0.045299999,-0.078599997,0.576335893,12.60221538,12.66582027,0.994978225,51.70670006,0.019242733
Delft,Delft-38,135.56985,74057826.52,0.749958776,0.546882252,0.75530806,0.413064573,0.675127543,3.00030008,19.377906,58.13953291,7.502501559,-0.045299999,-0.078599997,0.576335893,12.60221538,12.66582027,0.994978225,51.70670006,0.019242733
Delft,Delft-39,0.990824537,9880358.923,0.100055082,0.548842589,0.752613209,0.413066182,0.669850027,4.999999925,6.968641298,34.84320597,7.499336168,-0.045499999,-0.075400002,0.603448245,8.164367215,7.534478965,1.083600771,33.6041687,0.032246022
Delft,Delft-39,2.24012504,14805583.25,0.149931177,0.548842589,0.752613209,0.413066182,0.669850027,4.999999925,6.968641298,34.84320597,7.499336168,-0.045499999,-0.075400002,0.603448245,8.164367215,7.534478965,1.083600771,33.6041687,0.032246022
Delft,Delft-39,4.135615458,19750747.76,0.2000092,0.548842589,0.752613209,0.413066182,0.669850027,4.999999925,6.968641298,34.84320597,7.499336168,-0.045499999,-0.075400002,0.603448245,8.164367215,7.534478965,1.083600771,33.6041687,0.032246022
Delft,Delft-39,6.677295792,24745762.71,0.250592041,0.548842589,0.752613209,0.413066182,0.669850027,4.999999925,6.968641298,34.84320597,7.499336168,-0.045499999,-0.075400002,0.603448245,8.164367215,7.534478965,1.083600771,33.6041687,0.032246022
Delft,Delft-39,10.16672133,29690927.22,0.300670064,0.548842589,0.752613209,0.413066182,0.669850027,4.999999925,6.968641298,34.84320597,7.499336168,-0.045499999,-0.075400002,0.603448245,8.164367215,7.534478965,1.083600771,33.6041687,0.032246022
Delft,Delft-39,15.12084402,34536390.83,0.349738449,0.548842589,0.752613209,0.413066182,0.669850027,4.999999925,6.968641298,34.84320597,7.499336168,-0.045499999,-0.075400002,0.603448245,8.164367215,7.534478965,1.083600771,33.6041687,0.032246022
Delft,Delft-39,25.02908939,39461615.15,0.399614544,0.548842589,0.752613209,0.413066182,0.669850027,4.999999925,6.968641298,34.84320597,7.499336168,-0.045499999,-0.075400002,0.603448245,8.164367215,7.534478965,1.083600771,33.6041687,0.032246022
Delft,Delft-39,39.37450551,44386839.48,0.449490639,0.548842589,0.752613209,0.413066182,0.669850027,4.999999925,6.968641298,34.84320597,7.499336168,-0.045499999,-0.075400002,0.603448245,8.164367215,7.534478965,1.083600771,33.6041687,0.032246022
Delft,Delft-39,54.02147692,49491525.42,0.501184082,0.548842589,0.752613209,0.413066182,0.669850027,4.999999925,6.968641298,34.84320597,7.499336168,-0.045499999,-0.075400002,0.603448245,8.164367215,7.534478965,1.083600771,33.6041687,0.032246022
Delft,Delft-39,66.08368867,54376869.39,0.550656322,0.548842589,0.752613209,0.413066182,0.669850027,4.999999925,6.968641298,34.84320597,7.499336168,-0.045499999,-0.075400002,0.603448245,8.164367215,7.534478965,1.083600771,33.6041687,0.032246022
Delft,Delft-39,76.72428261,59282153.54,0.60033049,0.548842589,0.752613209,0.413066182,0.669850027,4.999999925,6.968641298,34.84320597,7.499336168,-0.045499999,-0.075400002,0.603448245,8.164367215,7.534478965,1.083600771,33.6041687,0.032246022
Delft,Delft-39,88.5280184,64227318.05,0.650408513,0.548842589,0.752613209,0.413066182,0.669850027,4.999999925,6.968641298,34.84320597,7.499336168,-0.045499999,-0.075400002,0.603448245,8.164367215,7.534478965,1.083600771,33.6041687,0.032246022
Delft,Delft-39,99.64248494,69112662.01,0.699880753,0.548842589,0.752613209,0.413066182,0.669850027,4.999999925,6.968641298,34.84320597,7.499336168,-0.045499999,-0.075400002,0.603448245,8.164367215,7.534478965,1.083600771,33.6041687,0.032246022
Delft,Delft-39,109.0337784,74057826.52,0.749958776,0.548842589,0.752613209,0.413066182,0.669850027,4.999999925,6.968641298,34.84320597,7.499336168,-0.045499999,-0.075400002,0.603448245,8.164367215,7.534478965,1.083600771,33.6041687,0.032246022
Delft,Delft-42,0.328462757,9860413.51,0.099853181,0.554023031,0.711203229,0.394022969,0.670494803,3.318951116,3.710591316,12.31527119,4.698664459,-0.0328,-0.064099997,0.511700486,5.522676416,4.460087971,1.238243831,14.37645631,0.086129976
Delft,Delft-42,0.911219261,14805575.39,0.149931217,0.554023031,0.711203229,0.394022969,0.670494803,3.318951116,3.710591316,12.31527119,4.698664459,-0.0328,-0.064099997,0.511700486,5.522676416,4.460087971,1.238243831,14.37645631,0.086129976
Delft,Delft-42,1.727078366,19750737.27,0.200009253,0.554023031,0.711203229,0.394022969,0.670494803,3.318951116,3.710591316,12.31527119,4.698664459,-0.0328,-0.064099997,0.511700486,5.522676416,4.460087971,1.238243831,14.37645631,0.086129976
Delft,Delft-42,3.062120539,24665988.9,0.249784397,0.554023031,0.711203229,0.394022969,0.670494803,3.318951116,3.710591316,12.31527119,4.698664459,-0.0328,-0.064099997,0.511700486,5.522676416,4.460087971,1.238243831,14.37645631,0.086129976
Delft,Delft-42,5.467315565,29631090.95,0.300064361,0.554023031,0.711203229,0.394022969,0.670494803,3.318951116,3.710591316,12.31527119,4.698664459,-0.0328,-0.064099997,0.511700486,5.522676416,4.460087971,1.238243831,14.37645631,0.086129976
Delft,Delft-42,8.847303288,34576252.83,0.350142397,0.554023031,0.711203229,0.394022969,0.670494803,3.318951116,3.710591316,12.31527119,4.698664459,-0.0328,-0.064099997,0.511700486,5.522676416,4.460087971,1.238243831,14.37645631,0.086129976
Delft,Delft-42,23.18311329,39491504.46,0.399917542,0.554023031,0.711203229,0.394022969,0.670494803,3.318951116,3.710591316,12.31527119,4.698664459,-0.0328,-0.064099997,0.511700486,5.522676416,4.460087971,1.238243831,14.37645631,0.086129976
Delft,Delft-42,51.1448299,44436666.34,0.449995578,0.554023031,0.711203229,0.394022969,0.670494803,3.318951116,3.710591316,12.31527119,4.698664459,-0.0328,-0.064099997,0.511700486,5.522676416,4.460087971,1.238243831,14.37645631,0.086129976
Delft,Delft-42,89.09817167,49351917.97,0.499770722,0.554023031,0.711203229,0.394022969,0.670494803,3.318951116,3.710591316,12.31527119,4.698664459,-0.0328,-0.064099997,0.511700486,5.522676416,4.460087971,1.238243831,14.37645631,0.086129976
Delft,Delft-42,116.2122425,54317020.02,0.550050686,0.554023031,0.711203229,0.394022969,0.670494803,3.318951116,3.710591316,12.31527119,4.698664459,-0.0328,-0.064099997,0.511700486,5.522676416,4.460087971,1.238243831,14.37645631,0.086129976
Delft,Delft-42,135.0511709,59242241.73,0.599926794,0.554023031,0.711203229,0.394022969,0.670494803,3.318951116,3.710591316,12.31527119,4.698664459,-0.0328,-0.064099997,0.511700486,5.522676416,4.460087971,1.238243831,14.37645631,0.086129976
Delft,Delft-42,146.557963,64177433.53,0.649903866,0.554023031,0.711203229,0.394022969,0.670494803,3.318951116,3.710591316,12.31527119,4.698664459,-0.0328,-0.064099997,0.511700486,5.522676416,4.460087971,1.238243831,14.37645631,0.086129976
Delft,Delft-42,154.7801275,69122595.41,0.699981902,0.554023031,0.711203229,0.394022969,0.670494803,3.318951116,3.710591316,12.31527119,4.698664459,-0.0328,-0.064099997,0.511700486,5.522676416,4.460087971,1.238243831,14.37645631,0.086129976
Delft,Delft-42,160.9361553,74057787.21,0.749958975,0.554023031,0.711203229,0.394022969,0.670494803,3.318951116,3.710591316,12.31527119,4.698664459,-0.0328,-0.064099997,0.511700486,5.522676416,4.460087971,1.238243831,14.37645631,0.086129976
Delft,Delft-43,0.556145969,9860413.51,0.099853181,0.553492536,0.711837467,0.393996725,0.671658874,2.783964411,6.290718163,17.51313548,4.983238328,-0.0328,-0.064899998,0.505392925,6.57543735,5.991125189,1.09752962,18.13627411,0.060515716
Delft,Delft-43,1.365085561,14805575.39,0.149931217,0.553492536,0.711837467,0.393996725,0.671658874,2.783964411,6.290718163,17.51313548,4.983238328,-0.0328,-0.064899998,0.505392925,6.57543735,5.991125189,1.09752962,18.13627411,0.060515716
Delft,Delft-43,2.490017181,19750737.27,0.200009253,0.553492536,0.711837467,0.393996725,0.671658874,2.783964411,6.290718163,17.51313548,4.983238328,-0.0328,-0.064899998,0.505392925,6.57543735,5.991125189,1.09752962,18.13627411,0.060515716
Delft,Delft-43,4.322770944,24665988.9,0.249784397,0.553492536,0.711837467,0.393996725,0.671658874,2.783964411,6.290718163,17.51313548,4.983238328,-0.0328,-0.064899998,0.505392925,6.57543735,5.991125189,1.09752962,18.13627411,0.060515716
Delft,Delft-43,7.406853137,29631090.95,0.300064361,0.553492536,0.711837467,0.393996725,0.671658874,2.783964411,6.290718163,17.51313548,4.983238328,-0.0328,-0.064899998,0.505392925,6.57543735,5.991125189,1.09752962,18.13627411,0.060515716
Delft,Delft-43,12.43744622,34576252.83,0.350142397,0.553492536,0.711837467,0.393996725,0.671658874,2.783964411,6.290718163,17.51313548,4.983238328,-0.0328,-0.064899998,0.505392925,6.57543735,5.991125189,1.09752962,18.13627411,0.060515716
Delft,Delft-43,25.46895746,39491504.46,0.399917542,0.553492536,0.711837467,0.393996725,0.671658874,2.783964411,6.290718163,17.51313548,4.983238328,-0.0328,-0.064899998,0.505392925,6.57543735,5.991125189,1.09752962,18.13627411,0.060515716
Delft,Delft-43,49.29475637,44436666.34,0.449995578,0.553492536,0.711837467,0.393996725,0.671658874,2.783964411,6.290718163,17.51313548,4.983238328,-0.0328,-0.064899998,0.505392925,6.57543735,5.991125189,1.09752962,18.13627411,0.060515716
Delft,Delft-43,83.27021923,49351917.97,0.499770722,0.553492536,0.711837467,0.393996725,0.671658874,2.783964411,6.290718163,17.51313548,4.983238328,-0.0328,-0.064899998,0.505392925,6.57543735,5.991125189,1.09752962,18.13627411,0.060515716
Delft,Delft-43,108.9414116,54317020.02,0.550050686,0.553492536,0.711837467,0.393996725,0.671658874,2.783964411,6.290718163,17.51313548,4.983238328,-0.0328,-0.064899998,0.505392925,6.57543735,5.991125189,1.09752962,18.13627411,0.060515716
Delft,Delft-43,127.8250952,59242241.73,0.599926794,0.553492536,0.711837467,0.393996725,0.671658874,2.783964411,6.290718163,17.51313548,4.983238328,-0.0328,-0.064899998,0.505392925,6.57543735,5.991125189,1.09752962,18.13627411,0.060515716
Delft,Delft-43,139.6558367,64177433.53,0.649903866,0.553492536,0.711837467,0.393996725,0.671658874,2.783964411,6.290718163,17.51313548,4.983238328,-0.0328,-0.064899998,0.505392925,6.57543735,5.991125189,1.09752962,18.13627411,0.060515716
Delft,Delft-43,150.0330149,69122595.41,0.699981902,0.553492536,0.711837467,0.393996725,0.671658874,2.783964411,6.290718163,17.51313548,4.983238328,-0.0328,-0.064899998,0.505392925,6.57543735,5.991125189,1.09752962,18.13627411,0.060515716
Delft,Delft-43,157.8569775,74057787.21,0.749958975,0.553492536,0.711837467,0.393996725,0.671658874,2.783964411,6.290718163,17.51313548,4.983238328,-0.0328,-0.064899998,0.505392925,6.57543735,5.991125189,1.09752962,18.13627411,0.060515716
Delft,Delft-44,0.467321241,9860413.51,0.099853181,0.553903474,0.711552585,0.394131448,0.668005705,3.318951116,4.424376042,14.6842878,4.982005678,-0.032899999,-0.0625,0.526399977,5.914942455,4.99560109,1.18403018,16.32258094,0.072539397
Delft,Delft-44,1.136727343,14805575.39,0.149931217,0.553903474,0.711552585,0.394131448,0.668005705,3.318951116,4.424376042,14.6842878,4.982005678,-0.032899999,-0.0625,0.526399977,5.914942455,4.99560109,1.18403018,16.32258094,0.072539397
Delft,Delft-44,2.071369825,19750737.27,0.200009253,0.553903474,0.711552585,0.394131448,0.668005705,3.318951116,4.424376042,14.6842878,4.982005678,-0.032899999,-0.0625,0.526399977,5.914942455,4.99560109,1.18403018,16.32258094,0.072539397
Delft,Delft-44,3.485963852,24665988.9,0.249784397,0.553903474,0.711552585,0.394131448,0.668005705,3.318951116,4.424376042,14.6842878,4.982005678,-0.032899999,-0.0625,0.526399977,5.914942455,4.99560109,1.18403018,16.32258094,0.072539397
Delft,Delft-44,9.889527885,34576252.83,0.350142397,0.553903474,0.711552585,0.394131448,0.668005705,3.318951116,4.424376042,14.6842878,4.982005678,-0.032899999,-0.0625,0.526399977,5.914942455,4.99560109,1.18403018,16.32258094,0.072539397
Delft,Delft-44,22.55772261,39491504.46,0.399917542,0.553903474,0.711552585,0.394131448,0.668005705,3.318951116,4.424376042,14.6842878,4.982005678,-0.032899999,-0.0625,0.526399977,5.914942455,4.99560109,1.18403018,16.32258094,0.072539397
Delft,Delft-44,49.11925153,44436666.34,0.449995578,0.553903474,0.711552585,0.394131448,0.668005705,3.318951116,4.424376042,14.6842878,4.982005678,-0.032899999,-0.0625,0.526399977,5.914942455,4.99560109,1.18403018,16.32258094,0.072539397
Delft,Delft-44,82.71585967,49351917.97,0.499770722,0.553903474,0.711552585,0.394131448,0.668005705,3.318951116,4.424376042,14.6842878,4.982005678,-0.032899999,-0.0625,0.526399977,5.914942455,4.99560109,1.18403018,16.32258094,0.072539397
Delft,Delft-44,105.6651217,54317020.02,0.550050686,0.553903474,0.711552585,0.394131448,0.668005705,3.318951116,4.424376042,14.6842878,4.982005678,-0.032899999,-0.0625,0.526399977,5.914942455,4.99560109,1.18403018,16.32258094,0.072539397
Delft,Delft-44,122.8675955,59242241.73,0.599926794,0.553903474,0.711552585,0.394131448,0.668005705,3.318951116,4.424376042,14.6842878,4.982005678,-0.032899999,-0.0625,0.526399977,5.914942455,4.99560109,1.18403018,16.32258094,0.072539397
Delft,Delft-44,134.2853901,64177433.53,0.649903866,0.553903474,0.711552585,0.394131448,0.668005705,3.318951116,4.424376042,14.6842878,4.982005678,-0.032899999,-0.0625,0.526399977,5.914942455,4.99560109,1.18403018,16.32258094,0.072539397
Delft,Delft-44,139.7416814,69122595.41,0.699981902,0.553903474,0.711552585,0.394131448,0.668005705,3.318951116,4.424376042,14.6842878,4.982005678,-0.032899999,-0.0625,0.526399977,5.914942455,4.99560109,1.18403018,16.32258094,0.072539397
Delft,Delft-44,149.7954032,74057787.21,0.749958975,0.553903474,0.711552585,0.394131448,0.668005705,3.318951116,4.424376042,14.6842878,4.982005678,-0.032899999,-0.0625,0.526399977,5.914942455,4.99560109,1.18403018,16.32258094,0.072539397
Delft,Delft-45,0.353604789,9860413.51,0.099853181,0.553971955,0.711323109,0.394053054,0.667808535,4.175365393,2.794632381,11.66861133,4.98180038,-0.0328,-0.062399997,0.525641047,5.455314165,3.969448033,1.374325629,15.05545435,0.091284235
Delft,Delft-45,0.896640716,14805575.39,0.149931217,0.553971955,0.711323109,0.394053054,0.667808535,4.175365393,2.794632381,11.66861133,4.98180038,-0.0328,-0.062399997,0.525641047,5.455314165,3.969448033,1.374325629,15.05545435,0.091284235
Delft,Delft-45,1.944826341,19750737.27,0.200009253,0.553971955,0.711323109,0.394053054,0.667808535,4.175365393,2.794632381,11.66861133,4.98180038,-0.0328,-0.062399997,0.525641047,5.455314165,3.969448033,1.374325629,15.05545435,0.091284235
Delft,Delft-45,3.182443103,24665988.9,0.249784397,0.553971955,0.711323109,0.394053054,0.667808535,4.175365393,2.794632381,11.66861133,4.98180038,-0.0328,-0.062399997,0.525641047,5.455314165,3.969448033,1.374325629,15.05545435,0.091284235
Delft,Delft-45,5.619790401,29631090.95,0.300064361,0.553971955,0.711323109,0.394053054,0.667808535,4.175365393,2.794632381,11.66861133,4.98180038,-0.0328,-0.062399997,0.525641047,5.455314165,3.969448033,1.374325629,15.05545435,0.091284235
Delft,Delft-45,8.713832307,34576252.83,0.350142397,0.553971955,0.711323109,0.394053054,0.667808535,4.175365393,2.794632381,11.66861133,4.98180038,-0.0328,-0.062399997,0.525641047,5.455314165,3.969448033,1.374325629,15.05545435,0.091284235
Delft,Delft-45,24.1714131,39491504.46,0.399917542,0.553971955,0.711323109,0.394053054,0.667808535,4.175365393,2.794632381,11.66861133,4.98180038,-0.0328,-0.062399997,0.525641047,5.455314165,3.969448033,1.374325629,15.05545435,0.091284235
Delft,Delft-45,49.88353277,44436666.34,0.449995578,0.553971955,0.711323109,0.394053054,0.667808535,4.175365393,2.794632381,11.66861133,4.98180038,-0.0328,-0.062399997,0.525641047,5.455314165,3.969448033,1.374325629,15.05545435,0.091284235
Delft,Delft-45,81.82162249,49351917.97,0.499770722,0.553971955,0.711323109,0.394053054,0.667808535,4.175365393,2.794632381,11.66861133,4.98180038,-0.0328,-0.062399997,0.525641047,5.455314165,3.969448033,1.374325629,15.05545435,0.091284235
Delft,Delft-45,103.9219218,54317020.02,0.550050686,0.553971955,0.711323109,0.394053054,0.667808535,4.175365393,2.794632381,11.66861133,4.98180038,-0.0328,-0.062399997,0.525641047,5.455314165,3.969448033,1.374325629,15.05545435,0.091284235
Delft,Delft-45,117.6619936,59242241.73,0.599926794,0.553971955,0.711323109,0.394053054,0.667808535,4.175365393,2.794632381,11.66861133,4.98180038,-0.0328,-0.062399997,0.525641047,5.455314165,3.969448033,1.374325629,15.05545435,0.091284235
Delft,Delft-45,127.891275,64177433.53,0.649903866,0.553971955,0.711323109,0.394053054,0.667808535,4.175365393,2.794632381,11.66861133,4.98180038,-0.0328,-0.062399997,0.525641047,5.455314165,3.969448033,1.374325629,15.05545435,0.091284235
Delft,Delft-45,135.8600115,69122595.41,0.699981902,0.553971955,0.711323109,0.394053054,0.667808535,4.175365393,2.794632381,11.66861133,4.98180038,-0.0328,-0.062399997,0.525641047,5.455314165,3.969448033,1.374325629,15.05545435,0.091284235
Delft,Delft-45,139.5602331,74057787.21,0.749958975,0.553971955,0.711323109,0.394053054,0.667808535,4.175365393,2.794632381,11.66861133,4.98180038,-0.0328,-0.062399997,0.525641047,5.455314165,3.969448033,1.374325629,15.05545435,0.091284235
Delft,Delft-46,0.683696688,9860413.51,0.099853181,0.553316876,0.712255506,0.394102991,0.668071531,3.318951116,5.569316471,18.48428912,5.379368462,-0.032899999,-0.062599999,0.525559091,6.563049855,5.824849308,1.126732986,19.5348874,0.057677987
Delft,Delft-46,1.462792913,14805575.39,0.149931217,0.553316876,0.712255506,0.394102991,0.668071531,3.318951116,5.569316471,18.48428912,5.379368462,-0.032899999,-0.062599999,0.525559091,6.563049855,5.824849308,1.126732986,19.5348874,0.057677987
Delft,Delft-46,2.559887598,19750737.27,0.200009253,0.553316876,0.712255506,0.394102991,0.668071531,3.318951116,5.569316471,18.48428912,5.379368462,-0.032899999,-0.062599999,0.525559091,6.563049855,5.824849308,1.126732986,19.5348874,0.057677987
Delft,Delft-46,4.197579664,24665988.9,0.249784397,0.553316876,0.712255506,0.394102991,0.668071531,3.318951116,5.569316471,18.48428912,5.379368462,-0.032899999,-0.062599999,0.525559091,6.563049855,5.824849308,1.126732986,19.5348874,0.057677987
Delft,Delft-46,11.54334408,34576252.83,0.350142397,0.553316876,0.712255506,0.394102991,0.668071531,3.318951116,5.569316471,18.48428912,5.379368462,-0.032899999,-0.062599999,0.525559091,6.563049855,5.824849308,1.126732986,19.5348874,0.057677987
Delft,Delft-46,23.61138561,39491504.46,0.399917542,0.553316876,0.712255506,0.394102991,0.668071531,3.318951116,5.569316471,18.48428912,5.379368462,-0.032899999,-0.062599999,0.525559091,6.563049855,5.824849308,1.126732986,19.5348874,0.057677987
Delft,Delft-46,46.18927622,44436666.34,0.449995578,0.553316876,0.712255506,0.394102991,0.668071531,3.318951116,5.569316471,18.48428912,5.379368462,-0.032899999,-0.062599999,0.525559091,6.563049855,5.824849308,1.126732986,19.5348874,0.057677987
Delft,Delft-46,72.98064643,49351917.97,0.499770722,0.553316876,0.712255506,0.394102991,0.668071531,3.318951116,5.569316471,18.48428912,5.379368462,-0.032899999,-0.062599999,0.525559091,6.563049855,5.824849308,1.126732986,19.5348874,0.057677987
Delft,Delft-46,92.07645391,54317020.02,0.550050686,0.553316876,0.712255506,0.394102991,0.668071531,3.318951116,5.569316471,18.48428912,5.379368462,-0.032899999,-0.062599999,0.525559091,6.563049855,5.824849308,1.126732986,19.5348874,0.057677987
Delft,Delft-46,107.9127772,59242241.73,0.599926794,0.553316876,0.712255506,0.394102991,0.668071531,3.318951116,5.569316471,18.48428912,5.379368462,-0.032899999,-0.062599999,0.525559091,6.563049855,5.824849308,1.126732986,19.5348874,0.057677987
Delft,Delft-46,119.0745231,64177433.53,0.649903866,0.553316876,0.712255506,0.394102991,0.668071531,3.318951116,5.569316471,18.48428912,5.379368462,-0.032899999,-0.062599999,0.525559091,6.563049855,5.824849308,1.126732986,19.5348874,0.057677987
Delft,Delft-46,128.2964784,69122595.41,0.699981902,0.553316876,0.712255506,0.394102991,0.668071531,3.318951116,5.569316471,18.48428912,5.379368462,-0.032899999,-0.062599999,0.525559091,6.563049855,5.824849308,1.126732986,19.5348874,0.057677987
Delft,Delft-46,135.9284415,74067757.29,0.750059938,0.553316876,0.712255506,0.394102991,0.668071531,3.318951116,5.569316471,18.48428912,5.379368462,-0.032899999,-0.062599999,0.525559091,6.563049855,5.824849308,1.126732986,19.5348874,0.057677987
Delft,Delft-47,0.636706998,9860413.51,0.099853181,0.547709649,0.748731875,0.410087672,0.699065487,3.336670115,6.042338546,20.16129045,5.47417018,-0.060199997,-0.083999996,0.716666665,6.933060384,6.278287209,1.104291689,20.7870887,0.053123922
Delft,Delft-47,1.022082286,12342964.53,0.124993162,0.547709649,0.748731875,0.410087672,0.699065487,3.336670115,6.042338546,20.16129045,5.47417018,-0.060199997,-0.083999996,0.716666665,6.933060384,6.278287209,1.104291689,20.7870887,0.053123922
Delft,Delft-47,1.407457575,14805575.39,0.149931217,0.547709649,0.748731875,0.410087672,0.699065487,3.336670115,6.042338546,20.16129045,5.47417018,-0.060199997,-0.083999996,0.716666665,6.933060384,6.278287209,1.104291689,20.7870887,0.053123922
Delft,Delft-47,1.943631889,17258216.16,0.174768307,0.547709649,0.748731875,0.410087672,0.699065487,3.336670115,6.042338546,20.16129045,5.47417018,-0.060199997,-0.083999996,0.716666665,6.933060384,6.278287209,1.104291689,20.7870887,0.053123922
Delft,Delft-47,2.630605229,19750737.27,0.200009253,0.547709649,0.748731875,0.410087672,0.699065487,3.336670115,6.042338546,20.16129045,5.47417018,-0.060199997,-0.083999996,0.716666665,6.933060384,6.278287209,1.104291689,20.7870887,0.053123922
Delft,Delft-47,4.30614996,24665988.9,0.249784397,0.547709649,0.748731875,0.410087672,0.699065487,3.336670115,6.042338546,20.16129045,5.47417018,-0.060199997,-0.083999996,0.716666665,6.933060384,6.278287209,1.104291689,20.7870887,0.053123922
Delft,Delft-47,7.238353241,29631090.95,0.300064361,0.547709649,0.748731875,0.410087672,0.699065487,3.336670115,6.042338546,20.16129045,5.47417018,-0.060199997,-0.083999996,0.716666665,6.933060384,6.278287209,1.104291689,20.7870887,0.053123922
Delft,Delft-47,11.56125865,34576252.83,0.350142397,0.547709649,0.748731875,0.410087672,0.699065487,3.336670115,6.042338546,20.16129045,5.47417018,-0.060199997,-0.083999996,0.716666665,6.933060384,6.278287209,1.104291689,20.7870887,0.053123922
Delft,Delft-47,21.43021712,39252222.43,0.397494411,0.547709649,0.748731875,0.410087672,0.699065487,3.336670115,6.042338546,20.16129045,5.47417018,-0.060199997,-0.083999996,0.716666665,6.933060384,6.278287209,1.104291689,20.7870887,0.053123922
Delft,Delft-47,43.12852139,44436666.34,0.449995578,0.547709649,0.748731875,0.410087672,0.699065487,3.336670115,6.042338546,20.16129045,5.47417018,-0.060199997,-0.083999996,0.716666665,6.933060384,6.278287209,1.104291689,20.7870887,0.053123922
Delft,Delft-47,68.16115968,49351917.97,0.499770722,0.547709649,0.748731875,0.410087672,0.699065487,3.336670115,6.042338546,20.16129045,5.47417018,-0.060199997,-0.083999996,0.716666665,6.933060384,6.278287209,1.104291689,20.7870887,0.053123922
Delft,Delft-47,86.17326555,54317020.02,0.550050686,0.547709649,0.748731875,0.410087672,0.699065487,3.336670115,6.042338546,20.16129045,5.47417018,-0.060199997,-0.083999996,0.716666665,6.933060384,6.278287209,1.104291689,20.7870887,0.053123922
Delft,Delft-47,103.2470664,59242241.73,0.599926794,0.547709649,0.748731875,0.410087672,0.699065487,3.336670115,6.042338546,20.16129045,5.47417018,-0.060199997,-0.083999996,0.716666665,6.933060384,6.278287209,1.104291689,20.7870887,0.053123922
Delft,Delft-47,115.0596567,64177433.53,0.649903866,0.547709649,0.748731875,0.410087672,0.699065487,3.336670115,6.042338546,20.16129045,5.47417018,-0.060199997,-0.083999996,0.716666665,6.933060384,6.278287209,1.104291689,20.7870887,0.053123922
Delft,Delft-47,124.6940389,69122595.41,0.699981902,0.547709649,0.748731875,0.410087672,0.699065487,3.336670115,6.042338546,20.16129045,5.47417018,-0.060199997,-0.083999996,0.716666665,6.933060384,6.278287209,1.104291689,20.7870887,0.053123922
Delft,Delft-48,0.538444636,9860413.51,0.099853181,0.556938883,0.725419483,0.404014316,0.689522517,3.336670115,5.796905001,19.34235968,5.425944209,-0.0065,-0.050299997,0.129224653,6.792302018,6.083952706,1.116429129,20.52578859,0.054391534
Delft,Delft-48,1.321636833,14805575.39,0.149931217,0.556938883,0.725419483,0.404014316,0.689522517,3.336670115,5.796905001,19.34235968,5.425944209,-0.0065,-0.050299997,0.129224653,6.792302018,6.083952706,1.116429129,20.52578859,0.054391534
Delft,Delft-48,2.545374641,19750737.27,0.200009253,0.556938883,0.725419483,0.404014316,0.689522517,3.336670115,5.796905001,19.34235968,5.425944209,-0.0065,-0.050299997,0.129224653,6.792302018,6.083952706,1.116429129,20.52578859,0.054391534
Delft,Delft-48,4.470722126,24665988.9,0.249784397,0.556938883,0.725419483,0.404014316,0.689522517,3.336670115,5.796905001,19.34235968,5.425944209,-0.0065,-0.050299997,0.129224653,6.792302018,6.083952706,1.116429129,20.52578859,0.054391534
Delft,Delft-48,7.848238477,29631090.95,0.300064361,0.556938883,0.725419483,0.404014316,0.689522517,3.336670115,5.796905001,19.34235968,5.425944209,-0.0065,-0.050299997,0.129224653,6.792302018,6.083952706,1.116429129,20.52578859,0.054391534
Delft,Delft-48,12.98793727,34576252.83,0.350142397,0.556938883,0.725419483,0.404014316,0.689522517,3.336670115,5.796905001,19.34235968,5.425944209,-0.0065,-0.050299997,0.129224653,6.792302018,6.083952706,1.116429129,20.52578859,0.054391534
Delft,Delft-48,26.64485121,39491504.46,0.399917542,0.556938883,0.725419483,0.404014316,0.689522517,3.336670115,5.796905001,19.34235968,5.425944209,-0.0065,-0.050299997,0.129224653,6.792302018,6.083952706,1.116429129,20.52578859,0.054391534
Delft,Delft-48,49.74902103,44436666.34,0.449995578,0.556938883,0.725419483,0.404014316,0.689522517,3.336670115,5.796905001,19.34235968,5.425944209,-0.0065,-0.050299997,0.129224653,6.792302018,6.083952706,1.116429129,20.52578859,0.054391534
Delft,Delft-48,76.62230331,49351917.97,0.499770722,0.556938883,0.725419483,0.404014316,0.689522517,3.336670115,5.796905001,19.34235968,5.425944209,-0.0065,-0.050299997,0.129224653,6.792302018,6.083952706,1.116429129,20.52578859,0.054391534
Delft,Delft-48,95.69629661,54317020.02,0.550050686,0.556938883,0.725419483,0.404014316,0.689522517,3.336670115,5.796905001,19.34235968,5.425944209,-0.0065,-0.050299997,0.129224653,6.792302018,6.083952706,1.116429129,20.52578859,0.054391534
Delft,Delft-48,111.2296085,59242241.73,0.599926794,0.556938883,0.725419483,0.404014316,0.689522517,3.336670115,5.796905001,19.34235968,5.425944209,-0.0065,-0.050299997,0.129224653,6.792302018,6.083952706,1.116429129,20.52578859,0.054391534
Delft,Delft-48,121.9495517,64177433.53,0.649903866,0.556938883,0.725419483,0.404014316,0.689522517,3.336670115,5.796905001,19.34235968,5.425944209,-0.0065,-0.050299997,0.129224653,6.792302018,6.083952706,1.116429129,20.52578859,0.054391534
Delft,Delft-48,129.6509417,69122595.41,0.699981902,0.556938883,0.725419483,0.404014316,0.689522517,3.336670115,5.796905001,19.34235968,5.425944209,-0.0065,-0.050299997,0.129224653,6.792302018,6.083952706,1.116429129,20.52578859,0.054391534
Delft,Delft-48,136.2264928,74067757.29,0.750059938,0.556938883,0.725419483,0.404014316,0.689522517,3.336670115,5.796905001,19.34235968,5.425944209,-0.0065,-0.050299997,0.129224653,6.792302018,6.083952706,1.116429129,20.52578859,0.054391534
Delft,Delft-49,0.498920575,9850448.654,0.09975219,0.565967556,0.743465995,0.420777633,0.698960775,3.352329891,6.306553904,21.14164916,5.522609324,-0.0634,-0.084299996,0.752075955,7.028848891,6.359086,1.105323767,21.96949453,0.050311752
Delft,Delft-49,1.324720149,14805583.25,0.149931177,0.565967556,0.743465995,0.420777633,0.698960775,3.352329891,6.306553904,21.14164916,5.522609324,-0.0634,-0.084299996,0.752075955,7.028848891,6.359086,1.105323767,21.96949453,0.050311752
Delft,Delft-49,2.632236139,19730807.58,0.199807272,0.565967556,0.743465995,0.420777633,0.698960775,3.352329891,6.306553904,21.14164916,5.522609324,-0.0634,-0.084299996,0.752075955,7.028848891,6.359086,1.105323767,21.96949453,0.050311752
Delft,Delft-49,4.576305968,24725822.53,0.250390114,0.565967556,0.743465995,0.420777633,0.698960775,3.352329891,6.306553904,21.14164916,5.522609324,-0.0634,-0.084299996,0.752075955,7.028848891,6.359086,1.105323767,21.96949453,0.050311752
Delft,Delft-49,7.965525049,29651046.86,0.300266209,0.565967556,0.743465995,0.420777633,0.698960775,3.352329891,6.306553904,21.14164916,5.522609324,-0.0634,-0.084299996,0.752075955,7.028848891,6.359086,1.105323767,21.96949453,0.050311752
Delft,Delft-49,12.98913912,34536390.83,0.349738449,0.565967556,0.743465995,0.420777633,0.698960775,3.352329891,6.306553904,21.14164916,5.522609324,-0.0634,-0.084299996,0.752075955,7.028848891,6.359086,1.105323767,21.96949453,0.050311752
Delft,Delft-49,23.36324626,39411764.71,0.399109725,0.565967556,0.743465995,0.420777633,0.698960775,3.352329891,6.306553904,21.14164916,5.522609324,-0.0634,-0.084299996,0.752075955,7.028848891,6.359086,1.105323767,21.96949453,0.050311752
Delft,Delft-49,44.78242268,44366899.3,0.449288712,0.565967556,0.743465995,0.420777633,0.698960775,3.352329891,6.306553904,21.14164916,5.522609324,-0.0634,-0.084299996,0.752075955,7.028848891,6.359086,1.105323767,21.96949453,0.050311752
Delft,Delft-49,68.98867267,49471585.24,0.500982155,0.565967556,0.743465995,0.420777633,0.698960775,3.352329891,6.306553904,21.14164916,5.522609324,-0.0634,-0.084299996,0.752075955,7.028848891,6.359086,1.105323767,21.96949453,0.050311752
Delft,Delft-49,86.15842213,54356929.21,0.550454395,0.565967556,0.743465995,0.420777633,0.698960775,3.352329891,6.306553904,21.14164916,5.522609324,-0.0634,-0.084299996,0.752075955,7.028848891,6.359086,1.105323767,21.96949453,0.050311752
Delft,Delft-49,103.3453757,59252243.27,0.600027599,0.565967556,0.743465995,0.420777633,0.698960775,3.352329891,6.306553904,21.14164916,5.522609324,-0.0634,-0.084299996,0.752075955,7.028848891,6.359086,1.105323767,21.96949453,0.050311752
Delft,Delft-49,115.5087153,64157527.42,0.649701766,0.565967556,0.743465995,0.420777633,0.698960775,3.352329891,6.306553904,21.14164916,5.522609324,-0.0634,-0.084299996,0.752075955,7.028848891,6.359086,1.105323767,21.96949453,0.050311752
Delft,Delft-49,124.7129397,69042871.39,0.699174007,0.565967556,0.743465995,0.420777633,0.698960775,3.352329891,6.306553904,21.14164916,5.522609324,-0.0634,-0.084299996,0.752075955,7.028848891,6.359086,1.105323767,21.96949453,0.050311752
Delft,Delft-49,132.489219,73968095.71,0.749050102,0.565967556,0.743465995,0.420777633,0.698960775,3.352329891,6.306553904,21.14164916,5.522609324,-0.0634,-0.084299996,0.752075955,7.028848891,6.359086,1.105323767,21.96949453,0.050311752
Delft,Delft-50,0.618828489,9830508.475,0.099550263,0.538712623,0.777307916,0.418745586,0.687933288,3.333333201,6.342495001,21.14164916,5.521059773,-0.079000004,-0.091399997,0.864332668,6.987716844,6.290895848,1.110766577,20.7833188,0.053445101
Delft,Delft-50,1.426743461,14805583.25,0.149931177,0.538712623,0.777307916,0.418745586,0.687933288,3.333333201,6.342495001,21.14164916,5.521059773,-0.079000004,-0.091399997,0.864332668,6.987716844,6.290895848,1.110766577,20.7833188,0.053445101
Delft,Delft-50,2.647210758,19740777.67,0.199908236,0.538712623,0.777307916,0.418745586,0.687933288,3.333333201,6.342495001,21.14164916,5.521059773,-0.079000004,-0.091399997,0.864332668,6.987716844,6.290895848,1.110766577,20.7833188,0.053445101
Delft,Delft-50,4.589644626,24725822.53,0.250390114,0.538712623,0.777307916,0.418745586,0.687933288,3.333333201,6.342495001,21.14164916,5.521059773,-0.079000004,-0.091399997,0.864332668,6.987716844,6.290895848,1.110766577,20.7833188,0.053445101
Delft,Delft-50,7.649407711,29641076.77,0.300165245,0.538712623,0.777307916,0.418745586,0.687933288,3.333333201,6.342495001,21.14164916,5.521059773,-0.079000004,-0.091399997,0.864332668,6.987716844,6.290895848,1.110766577,20.7833188,0.053445101
Delft,Delft-50,12.84069115,34556331.01,0.349940376,0.538712623,0.777307916,0.418745586,0.687933288,3.333333201,6.342495001,21.14164916,5.521059773,-0.079000004,-0.091399997,0.864332668,6.987716844,6.290895848,1.110766577,20.7833188,0.053445101
Delft,Delft-50,24.08274203,39461615.15,0.399614544,0.538712623,0.777307916,0.418745586,0.687933288,3.333333201,6.342495001,21.14164916,5.521059773,-0.079000004,-0.091399997,0.864332668,6.987716844,6.290895848,1.110766577,20.7833188,0.053445101
Delft,Delft-50,46.37775731,44366899.3,0.449288712,0.538712623,0.777307916,0.418745586,0.687933288,3.333333201,6.342495001,21.14164916,5.521059773,-0.079000004,-0.091399997,0.864332668,6.987716844,6.290895848,1.110766577,20.7833188,0.053445101
Delft,Delft-50,74.34536708,49491525.42,0.501184082,0.538712623,0.777307916,0.418745586,0.687933288,3.333333201,6.342495001,21.14164916,5.521059773,-0.079000004,-0.091399997,0.864332668,6.987716844,6.290895848,1.110766577,20.7833188,0.053445101
Delft,Delft-50,94.71513817,54376869.39,0.550656322,0.538712623,0.777307916,0.418745586,0.687933288,3.333333201,6.342495001,21.14164916,5.521059773,-0.079000004,-0.091399997,0.864332668,6.987716844,6.290895848,1.110766577,20.7833188,0.053445101
Delft,Delft-50,114.2769943,59282153.54,0.60033049,0.538712623,0.777307916,0.418745586,0.687933288,3.333333201,6.342495001,21.14164916,5.521059773,-0.079000004,-0.091399997,0.864332668,6.987716844,6.290895848,1.110766577,20.7833188,0.053445101
Delft,Delft-50,126.498857,64197407.78,0.650105621,0.538712623,0.777307916,0.418745586,0.687933288,3.333333201,6.342495001,21.14164916,5.521059773,-0.079000004,-0.091399997,0.864332668,6.987716844,6.290895848,1.110766577,20.7833188,0.053445101
Delft,Delft-50,134.990559,69092721.83,0.699678825,0.538712623,0.777307916,0.418745586,0.687933288,3.333333201,6.342495001,21.14164916,5.521059773,-0.079000004,-0.091399997,0.864332668,6.987716844,6.290895848,1.110766577,20.7833188,0.053445101
Delft,Delft-60,0.663684232,9880376.938,0.10005499,0.541266128,0.748477473,0.405125504,0.686761317,3.90472863,5.755062436,22.47195706,6.005475365,-0.045499902,-0.070999804,0.640845458,7.002137368,6.343219616,1.103877493,22.76087043,0.048498914
Delft,Delft-60,1.061894772,12342993.59,0.124993015,0.541266128,0.748477473,0.405125504,0.686761317,3.90472863,5.755062436,22.47195706,6.005475365,-0.045499902,-0.070999804,0.640845458,7.002137368,6.343219616,1.103877493,22.76087043,0.048498914
Delft,Delft-60,1.504350927,14815580.35,0.150032004,0.541266128,0.748477473,0.405125504,0.686761317,3.90472863,5.755062436,22.47195706,6.005475365,-0.045499902,-0.070999804,0.640845458,7.002137368,6.343219616,1.103877493,22.76087043,0.048498914
Delft,Delft-60,2.05742112,17278197.01,0.174970029,0.541266128,0.748477473,0.405125504,0.686761317,3.90472863,5.755062436,22.47195706,6.005475365,-0.045499902,-0.070999804,0.640845458,7.002137368,6.343219616,1.103877493,22.76087043,0.048498914
Delft,Delft-60,2.632614121,19750783.77,0.200009017,0.541266128,0.748477473,0.405125504,0.686761317,3.90472863,5.755062436,22.47195706,6.005475365,-0.045499902,-0.070999804,0.640845458,7.002137368,6.343219616,1.103877493,22.76087043,0.048498914
Delft,Delft-60,3.517526431,22223370.53,0.225048006,0.541266128,0.748477473,0.405125504,0.686761317,3.90472863,5.755062436,22.47195706,6.005475365,-0.045499902,-0.070999804,0.640845458,7.002137368,6.343219616,1.103877493,22.76087043,0.048498914
Delft,Delft-60,4.579421203,24685987.18,0.249986031,0.541266128,0.748477473,0.405125504,0.686761317,3.90472863,5.755062436,22.47195706,6.005475365,-0.045499902,-0.070999804,0.640845458,7.002137368,6.343219616,1.103877493,22.76087043,0.048498914
Delft,Delft-60,5.420087897,27158573.94,0.275025019,0.541266128,0.748477473,0.405125504,0.686761317,3.90472863,5.755062436,22.47195706,6.005475365,-0.045499902,-0.070999804,0.640845458,7.002137368,6.343219616,1.103877493,22.76087043,0.048498914
Delft,Delft-60,7.035052862,29631160.71,0.300064008,0.541266128,0.748477473,0.405125504,0.686761317,3.90472863,5.755062436,22.47195706,6.005475365,-0.045499902,-0.070999804,0.640845458,7.002137368,6.343219616,1.103877493,22.76087043,0.048498914
Delft,Delft-60,8.937614328,32093777.36,0.325002033,0.541266128,0.748477473,0.405125504,0.686761317,3.90472863,5.755062436,22.47195706,6.005475365,-0.045499902,-0.070999804,0.640845458,7.002137368,6.343219616,1.103877493,22.76087043,0.048498914
Delft,Delft-60,11.85782495,34566364.12,0.350041021,0.541266128,0.748477473,0.405125504,0.686761317,3.90472863,5.755062436,22.47195706,6.005475365,-0.045499902,-0.070999804,0.640845458,7.002137368,6.343219616,1.103877493,22.76087043,0.048498914
Delft,Delft-60,15.77356192,37028980.77,0.374979046,0.541266128,0.748477473,0.405125504,0.686761317,3.90472863,5.755062436,22.47195706,6.005475365,-0.045499902,-0.070999804,0.640845458,7.002137368,6.343219616,1.103877493,22.76087043,0.048498914
Delft,Delft-60,23.11833409,39501567.53,0.400018035,0.541266128,0.748477473,0.405125504,0.686761317,3.90472863,5.755062436,22.47195706,6.005475365,-0.045499902,-0.070999804,0.640845458,7.002137368,6.343219616,1.103877493,22.76087043,0.048498914
Delft,Delft-60,33.64879058,41974154.3,0.425057023,0.541266128,0.748477473,0.405125504,0.686761317,3.90472863,5.755062436,22.47195706,6.005475365,-0.045499902,-0.070999804,0.640845458,7.002137368,6.343219616,1.103877493,22.76087043,0.048498914
Delft,Delft-60,43.69254529,44436770.95,0.449995048,0.541266128,0.748477473,0.405125504,0.686761317,3.90472863,5.755062436,22.47195706,6.005475365,-0.045499902,-0.070999804,0.640845458,7.002137368,6.343219616,1.103877493,22.76087043,0.048498914
Delft,Delft-60,55.68310709,46909357.71,0.475034036,0.541266128,0.748477473,0.405125504,0.686761317,3.90472863,5.755062436,22.47195706,6.005475365,-0.045499902,-0.070999804,0.640845458,7.002137368,6.343219616,1.103877493,22.76087043,0.048498914
Delft,Delft-60,66.10294954,49381944.47,0.500073025,0.541266128,0.748477473,0.405125504,0.686761317,3.90472863,5.755062436,22.47195706,6.005475365,-0.045499902,-0.070999804,0.640845458,7.002137368,6.343219616,1.103877493,22.76087043,0.048498914
Delft,Delft-60,73.97866909,51844561.13,0.52501105,0.541266128,0.748477473,0.405125504,0.686761317,3.90472863,5.755062436,22.47195706,6.005475365,-0.045499902,-0.070999804,0.640845458,7.002137368,6.343219616,1.103877493,22.76087043,0.048498914
Delft,Delft-60,82.2968448,54317147.89,0.550050038,0.541266128,0.748477473,0.405125504,0.686761317,3.90472863,5.755062436,22.47195706,6.005475365,-0.045499902,-0.070999804,0.640845458,7.002137368,6.343219616,1.103877493,22.76087043,0.048498914
Delft,Delft-60,90.39379244,56789734.65,0.575089027,0.541266128,0.748477473,0.405125504,0.686761317,3.90472863,5.755062436,22.47195706,6.005475365,-0.045499902,-0.070999804,0.640845458,7.002137368,6.343219616,1.103877493,22.76087043,0.048498914
Delft,Delft-60,96.78728388,59252351.3,0.600027052,0.541266128,0.748477473,0.405125504,0.686761317,3.90472863,5.755062436,22.47195706,6.005475365,-0.045499902,-0.070999804,0.640845458,7.002137368,6.343219616,1.103877493,22.76087043,0.048498914
Delft,Delft-61,0.619170976,9871357.111,0.099949216,0.542082426,0.790729128,0.428640364,0.694833104,3.721985347,6.700753786,24.9401074,6.005188412,-0.045395565,-0.072692757,0.624485398,7.345533256,6.732232684,1.091099135,23.91196656,0.045629837
Delft,Delft-61,1.105662458,12344181.92,0.124986999,0.542082426,0.790729128,0.428640364,0.694833104,3.721985347,6.700753786,24.9401074,6.005188412,-0.045395565,-0.072692757,0.624485398,7.345533256,6.732232684,1.091099135,23.91196656,0.045629837
Delft,Delft-61,1.658493687,14807035.67,0.149923823,0.542082426,0.790729128,0.428640364,0.694833104,3.721985347,6.700753786,24.9401074,6.005188412,-0.045395565,-0.072692757,0.624485398,7.345533256,6.732232684,1.091099135,23.91196656,0.045629837
Delft,Delft-61,2.277664664,17279860.48,0.174961607,0.542082426,0.790729128,0.428640364,0.694833104,3.721985347,6.700753786,24.9401074,6.005188412,-0.045395565,-0.072692757,0.624485398,7.345533256,6.732232684,1.091099135,23.91196656,0.045629837
Delft,Delft-61,2.764156145,19742714.22,0.199898431,0.542082426,0.790729128,0.428640364,0.694833104,3.721985347,6.700753786,24.9401074,6.005188412,-0.045395565,-0.072692757,0.624485398,7.345533256,6.732232684,1.091099135,23.91196656,0.045629837
Delft,Delft-61,3.781365606,22215539.03,0.224936214,0.542082426,0.790729128,0.428640364,0.694833104,3.721985347,6.700753786,24.9401074,6.005188412,-0.045395565,-0.072692757,0.624485398,7.345533256,6.732232684,1.091099135,23.91196656,0.045629837
Delft,Delft-61,4.842801566,24678392.78,0.249873039,0.542082426,0.790729128,0.428640364,0.694833104,3.721985347,6.700753786,24.9401074,6.005188412,-0.045395565,-0.072692757,0.624485398,7.345533256,6.732232684,1.091099135,23.91196656,0.045629837
Delft,Delft-61,5.815784529,27151217.59,0.274910822,0.542082426,0.790729128,0.428640364,0.694833104,3.721985347,6.700753786,24.9401074,6.005188412,-0.045395565,-0.072692757,0.624485398,7.345533256,6.732232684,1.091099135,23.91196656,0.045629837
Delft,Delft-61,7.761750455,29614071.33,0.299847647,0.542082426,0.790729128,0.428640364,0.694833104,3.721985347,6.700753786,24.9401074,6.005188412,-0.045395565,-0.072692757,0.624485398,7.345533256,6.732232684,1.091099135,23.91196656,0.045629837
Delft,Delft-61,9.774056129,32086896.14,0.32488543,0.542082426,0.790729128,0.428640364,0.694833104,3.721985347,6.700753786,24.9401074,6.005188412,-0.045395565,-0.072692757,0.624485398,7.345533256,6.732232684,1.091099135,23.91196656,0.045629837
Delft,Delft-61,12.44975928,34549749.89,0.349822254,0.542082426,0.790729128,0.428640364,0.694833104,3.721985347,6.700753786,24.9401074,6.005188412,-0.045395565,-0.072692757,0.624485398,7.345533256,6.732232684,1.091099135,23.91196656,0.045629837
Delft,Delft-61,16.78395611,37022574.7,0.374860038,0.542082426,0.790729128,0.428640364,0.694833104,3.721985347,6.700753786,24.9401074,6.005188412,-0.045395565,-0.072692757,0.624485398,7.345533256,6.732232684,1.091099135,23.91196656,0.045629837
Delft,Delft-61,24.74472581,39485428.44,0.399796862,0.542082426,0.790729128,0.428640364,0.694833104,3.721985347,6.700753786,24.9401074,6.005188412,-0.045395565,-0.072692757,0.624485398,7.345533256,6.732232684,1.091099135,23.91196656,0.045629837
Delft,Delft-61,33.50157248,41958253.26,0.424834646,0.542082426,0.790729128,0.428640364,0.694833104,3.721985347,6.700753786,24.9401074,6.005188412,-0.045395565,-0.072692757,0.624485398,7.345533256,6.732232684,1.091099135,23.91196656,0.045629837
Delft,Delft-61,46.150351,44421107.0,0.44977147,0.542082426,0.790729128,0.428640364,0.694833104,3.721985347,6.700753786,24.9401074,6.005188412,-0.045395565,-0.072692757,0.624485398,7.345533256,6.732232684,1.091099135,23.91196656,0.045629837
Delft,Delft-61,55.68116139,46893931.81,0.474809253,0.542082426,0.790729128,0.428640364,0.694833104,3.721985347,6.700753786,24.9401074,6.005188412,-0.045395565,-0.072692757,0.624485398,7.345533256,6.732232684,1.091099135,23.91196656,0.045629837
Delft,Delft-61,67.90978817,49356785.56,0.499746078,0.542082426,0.790729128,0.428640364,0.694833104,3.721985347,6.700753786,24.9401074,6.005188412,-0.045395565,-0.072692757,0.624485398,7.345533256,6.732232684,1.091099135,23.91196656,0.045629837
Delft,Delft-61,76.2464831,51829610.37,0.524783861,0.542082426,0.790729128,0.428640364,0.694833104,3.721985347,6.700753786,24.9401074,6.005188412,-0.045395565,-0.072692757,0.624485398,7.345533256,6.732232684,1.091099135,23.91196656,0.045629837
Delft,Delft-61,84.95910327,54292464.11,0.549720686,0.542082426,0.790729128,0.428640364,0.694833104,3.721985347,6.700753786,24.9401074,6.005188412,-0.045395565,-0.072692757,0.624485398,7.345533256,6.732232684,1.091099135,23.91196656,0.045629837
Delft,Delft-61,93.40636445,56765288.92,0.574758469,0.542082426,0.790729128,0.428640364,0.694833104,3.721985347,6.700753786,24.9401074,6.005188412,-0.045395565,-0.072692757,0.624485398,7.345533256,6.732232684,1.091099135,23.91196656,0.045629837
Delft,Delft-61,100.1066789,59228142.67,0.599695293,0.542082426,0.790729128,0.428640364,0.694833104,3.721985347,6.700753786,24.9401074,6.005188412,-0.045395565,-0.072692757,0.624485398,7.345533256,6.732232684,1.091099135,23.91196656,0.045629837
Delft,Delft-62,0.57619205,9881328.179,0.100050174,0.541544818,0.676269447,0.366230215,0.68082875,4.108863803,4.707951147,19.34433006,6.009528826,-0.044795588,-0.068793166,0.651163345,6.726075778,5.984074422,1.123996011,21.88953736,0.05134855
Delft,Delft-62,0.952933006,12344181.92,0.124986999,0.541544818,0.676269447,0.366230215,0.68082875,4.108863803,4.707951147,19.34433006,6.009528826,-0.044795588,-0.068793166,0.651163345,6.726075778,5.984074422,1.123996011,21.88953736,0.05134855
Delft,Delft-62,1.39615766,14817006.73,0.150024782,0.541544818,0.676269447,0.366230215,0.68082875,4.108863803,4.707951147,19.34433006,6.009528826,-0.044795588,-0.068793166,0.651163345,6.726075778,5.984074422,1.123996011,21.88953736,0.05134855
Delft,Delft-62,1.994510942,17279860.48,0.174961607,0.541544818,0.676269447,0.366230215,0.68082875,4.108863803,4.707951147,19.34433006,6.009528826,-0.044795588,-0.068793166,0.651163345,6.726075778,5.984074422,1.123996011,21.88953736,0.05134855
Delft,Delft-62,2.526380527,19752685.29,0.19999939,0.541544818,0.676269447,0.366230215,0.68082875,4.108863803,4.707951147,19.34433006,6.009528826,-0.044795588,-0.068793166,0.651163345,6.726075778,5.984074422,1.123996011,21.88953736,0.05134855
Delft,Delft-62,3.36850737,22225510.1,0.225037173,0.541544818,0.676269447,0.366230215,0.68082875,4.108863803,4.707951147,19.34433006,6.009528826,-0.044795588,-0.068793166,0.651163345,6.726075778,5.984074422,1.123996011,21.88953736,0.05134855
Delft,Delft-62,4.387924073,24688363.85,0.249973998,0.541544818,0.676269447,0.366230215,0.68082875,4.108863803,4.707951147,19.34433006,6.009528826,-0.044795588,-0.068793166,0.651163345,6.726075778,5.984074422,1.123996011,21.88953736,0.05134855
Delft,Delft-62,5.495985708,27161188.66,0.275011781,0.541544818,0.676269447,0.366230215,0.68082875,4.108863803,4.707951147,19.34433006,6.009528826,-0.044795588,-0.068793166,0.651163345,6.726075778,5.984074422,1.123996011,21.88953736,0.05134855
Delft,Delft-62,6.648369808,29634013.47,0.300049564,0.541544818,0.676269447,0.366230215,0.68082875,4.108863803,4.707951147,19.34433006,6.009528826,-0.044795588,-0.068793166,0.651163345,6.726075778,5.984074422,1.123996011,21.88953736,0.05134855
Delft,Delft-62,8.864493078,32096867.21,0.324986389,0.541544818,0.676269447,0.366230215,0.68082875,4.108863803,4.707951147,19.34433006,6.009528826,-0.044795588,-0.068793166,0.651163345,6.726075778,5.984074422,1.123996011,21.88953736,0.05134855
Delft,Delft-62,11.01413265,34569692.02,0.350024172,0.541544818,0.676269447,0.366230215,0.68082875,4.108863803,4.707951147,19.34433006,6.009528826,-0.044795588,-0.068793166,0.651163345,6.726075778,5.984074422,1.123996011,21.88953736,0.05134855
Delft,Delft-62,15.24692809,37032545.77,0.374960997,0.541544818,0.676269447,0.366230215,0.68082875,4.108863803,4.707951147,19.34433006,6.009528826,-0.044795588,-0.068793166,0.651163345,6.726075778,5.984074422,1.123996011,21.88953736,0.05134855
Delft,Delft-62,23.31361679,39505370.58,0.39999878,0.541544818,0.676269447,0.366230215,0.68082875,4.108863803,4.707951147,19.34433006,6.009528826,-0.044795588,-0.068793166,0.651163345,6.726075778,5.984074422,1.123996011,21.88953736,0.05134855
Delft,Delft-62,33.64075123,41978195.39,0.425036563,0.541544818,0.676269447,0.366230215,0.68082875,4.108863803,4.707951147,19.34433006,6.009528826,-0.044795588,-0.068793166,0.651163345,6.726075778,5.984074422,1.123996011,21.88953736,0.05134855
Delft,Delft-62,44.87649621,44441049.14,0.449973388,0.541544818,0.676269447,0.366230215,0.68082875,4.108863803,4.707951147,19.34433006,6.009528826,-0.044795588,-0.068793166,0.651163345,6.726075778,5.984074422,1.123996011,21.88953736,0.05134855
Delft,Delft-62,55.3809205,46913873.95,0.475011171,0.541544818,0.676269447,0.366230215,0.68082875,4.108863803,4.707951147,19.34433006,6.009528826,-0.044795588,-0.068793166,0.651163345,6.726075778,5.984074422,1.123996011,21.88953736,0.05134855
Delft,Delft-62,65.64157124,49386698.76,0.500048954,0.541544818,0.676269447,0.366230215,0.68082875,4.108863803,4.707951147,19.34433006,6.009528826,-0.044795588,-0.068793166,0.651163345,6.726075778,5.984074422,1.123996011,21.88953736,0.05134855
Delft,Delft-62,73.57529254,51849552.5,0.524985779,0.541544818,0.676269447,0.366230215,0.68082875,4.108863803,4.707951147,19.34433006,6.009528826,-0.044795588,-0.068793166,0.651163345,6.726075778,5.984074422,1.123996011,21.88953736,0.05134855
Delft,Delft-62,81.57549755,54322377.31,0.550023562,0.541544818,0.676269447,0.366230215,0.68082875,4.108863803,4.707951147,19.34433006,6.009528826,-0.044795588,-0.068793166,0.651163345,6.726075778,5.984074422,1.123996011,21.88953736,0.05134855
Delft,Delft-62,89.75299241,56795202.13,0.575061345,0.541544818,0.676269447,0.366230215,0.68082875,4.108863803,4.707951147,19.34433006,6.009528826,-0.044795588,-0.068793166,0.651163345,6.726075778,5.984074422,1.123996011,21.88953736,0.05134855
Delft,Delft-62,96.66729701,59258055.87,0.59999817,0.541544818,0.676269447,0.366230215,0.68082875,4.108863803,4.707951147,19.34433006,6.009528826,-0.044795588,-0.068793166,0.651163345,6.726075778,5.984074422,1.123996011,21.88953736,0.05134855
Delft,Delft-71,0.996606346,14698851.93,0.148805693,0.521025751,0.745897523,0.388631817,0.639205808,4.973644952,3.408474669,16.95254283,6.008837034,-0.060187959,-0.081483702,0.738650275,6.09227579,4.640307745,1.312903394,19.0734462,0.068834094
Delft,Delft-71,1.395248884,17351426.3,0.175659367,0.521025751,0.745897523,0.388631817,0.639205808,4.973644952,3.408474669,16.95254283,6.008837034,-0.060187959,-0.081483702,0.738650275,6.09227579,4.640307745,1.312903394,19.0734462,0.068834094
Delft,Delft-71,2.0153595,19774642.73,0.200191106,0.521025751,0.745897523,0.388631817,0.639205808,4.973644952,3.408474669,16.95254283,6.008837034,-0.060187959,-0.081483702,0.738650275,6.09227579,4.640307745,1.312903394,19.0734462,0.068834094
Delft,Delft-71,2.524736077,22167942.91,0.224419984,0.521025751,0.745897523,0.388631817,0.639205808,4.973644952,3.408474669,16.95254283,6.008837034,-0.060187959,-0.081483702,0.738650275,6.09227579,4.640307745,1.312903394,19.0734462,0.068834094
Delft,Delft-71,3.410608384,24660963.93,0.249658399,0.521025751,0.745897523,0.388631817,0.639205808,4.973644952,3.408474669,16.95254283,6.008837034,-0.060187959,-0.081483702,0.738650275,6.09227579,4.640307745,1.312903394,19.0734462,0.068834094
Delft,Delft-71,5.049472153,27094152.44,0.274291091,0.521025751,0.745897523,0.388631817,0.639205808,4.973644952,3.408474669,16.95254283,6.008837034,-0.060187959,-0.081483702,0.738650275,6.09227579,4.640307745,1.312903394,19.0734462,0.068834094
Delft,Delft-71,7.020538038,29547285.13,0.299125691,0.521025751,0.745897523,0.388631817,0.639205808,4.973644952,3.408474669,16.95254283,6.008837034,-0.060187959,-0.081483702,0.738650275,6.09227579,4.640307745,1.312903394,19.0734462,0.068834094
Delft,Delft-71,9.190925191,31930613.22,0.323253616,0.521025751,0.745897523,0.388631817,0.639205808,4.973644952,3.408474669,16.95254283,6.008837034,-0.060187959,-0.081483702,0.738650275,6.09227579,4.640307745,1.312903394,19.0734462,0.068834094
Delft,Delft-71,11.64922084,34383745.91,0.348088216,0.521025751,0.745897523,0.388631817,0.639205808,4.973644952,3.408474669,16.95254283,6.008837034,-0.060187959,-0.081483702,0.738650275,6.09227579,4.640307745,1.312903394,19.0734462,0.068834094
Delft,Delft-71,15.59135261,36836878.59,0.372922816,0.521025751,0.745897523,0.388631817,0.639205808,4.973644952,3.408474669,16.95254283,6.008837034,-0.060187959,-0.081483702,0.738650275,6.09227579,4.640307745,1.312903394,19.0734462,0.068834094
Delft,Delft-71,22.67833107,39290011.27,0.397757416,0.521025751,0.745897523,0.388631817,0.639205808,4.973644952,3.408474669,16.95254283,6.008837034,-0.060187959,-0.081483702,0.738650275,6.09227579,4.640307745,1.312903394,19.0734462,0.068834094
Delft,Delft-71,31.93569669,41743143.96,0.422592016,0.521025751,0.745897523,0.388631817,0.639205808,4.973644952,3.408474669,16.95254283,6.008837034,-0.060187959,-0.081483702,0.738650275,6.09227579,4.640307745,1.312903394,19.0734462,0.068834094
Delft,Delft-71,42.61045799,44196276.64,0.447426616,0.521025751,0.745897523,0.388631817,0.639205808,4.973644952,3.408474669,16.95254283,6.008837034,-0.060187959,-0.081483702,0.738650275,6.09227579,4.640307745,1.312903394,19.0734462,0.068834094
Delft,Delft-71,52.95301719,46599548.9,0.471756448,0.521025751,0.745897523,0.388631817,0.639205808,4.973644952,3.408474669,16.95254283,6.008837034,-0.060187959,-0.081483702,0.738650275,6.09227579,4.640307745,1.312903394,19.0734462,0.068834094
Delft,Delft-71,61.21377645,49082597.84,0.496893909,0.521025751,0.745897523,0.388631817,0.639205808,4.973644952,3.408474669,16.95254283,6.008837034,-0.060187959,-0.081483702,0.738650275,6.09227579,4.640307745,1.312903394,19.0734462,0.068834094
Delft,Delft-71,70.2718208,51735172.21,0.523747583,0.521025751,0.745897523,0.388631817,0.639205808,4.973644952,3.408474669,16.95254283,6.008837034,-0.060187959,-0.081483702,0.738650275,6.09227579,4.640307745,1.312903394,19.0734462,0.068834094
Delft,Delft-71,76.78298226,54138444.47,0.548077414,0.521025751,0.745897523,0.388631817,0.639205808,4.973644952,3.408474669,16.95254283,6.008837034,-0.060187959,-0.081483702,0.738650275,6.09227579,4.640307745,1.312903394,19.0734462,0.068834094
Delft,Delft-71,82.51900545,56611521.32,0.573113922,0.521025751,0.745897523,0.388631817,0.639205808,4.973644952,3.408474669,16.95254283,6.008837034,-0.060187959,-0.081483702,0.738650275,6.09227579,4.640307745,1.312903394,19.0734462,0.068834094
Delft,Delft-71,88.16644141,59064654.0,0.597948522,0.521025751,0.745897523,0.388631817,0.639205808,4.973644952,3.408474669,16.95254283,6.008837034,-0.060187959,-0.081483702,0.738650275,6.09227579,4.640307745,1.312903394,19.0734462,0.068834094
Delft,Delft-71,92.57365614,61517786.69,0.622783122,0.521025751,0.745897523,0.388631817,0.639205808,4.973644952,3.408474669,16.95254283,6.008837034,-0.060187959,-0.081483702,0.738650275,6.09227579,4.640307745,1.312903394,19.0734462,0.068834094
Delft,Delft-71,97.44595383,63931031.03,0.647213907,0.521025751,0.745897523,0.388631817,0.639205808,4.973644952,3.408474669,16.95254283,6.008837034,-0.060187959,-0.081483702,0.738650275,6.09227579,4.640307745,1.312903394,19.0734462,0.068834094
Delft,Delft-71,101.1444707,66384163.72,0.672048508,0.521025751,0.745897523,0.388631817,0.639205808,4.973644952,3.408474669,16.95254283,6.008837034,-0.060187959,-0.081483702,0.738650275,6.09227579,4.640307745,1.312903394,19.0734462,0.068834094
Delft,Delft-71,105.8617408,68727603.48,0.695772617,0.521025751,0.745897523,0.388631817,0.639205808,4.973644952,3.408474669,16.95254283,6.008837034,-0.060187959,-0.081483702,0.738650275,6.09227579,4.640307745,1.312903394,19.0734462,0.068834094
Delft,Delft-71,107.5448981,71260512.83,0.721414847,0.521025751,0.745897523,0.388631817,0.639205808,4.973644952,3.408474669,16.95254283,6.008837034,-0.060187959,-0.081483702,0.738650275,6.09227579,4.640307745,1.312903394,19.0734462,0.068834094
Delft,Delft-71,112.8379852,73693701.35,0.74604754,0.521025751,0.745897523,0.388631817,0.639205808,4.973644952,3.408474669,16.95254283,6.008837034,-0.060187959,-0.081483702,0.738650275,6.09227579,4.640307745,1.312903394,19.0734462,0.068834094
Delft,Delft-72,1.065026187,14727598.93,0.148206778,0.518236857,0.754385945,0.390950601,0.640002034,5.872514382,5.700000255,33.47333347,7.951829435,-0.059549891,-0.081059551,0.734643726,7.846750285,6.891144823,1.138671511,32.33591723,0.035213831
Delft,Delft-72,1.927190244,17420817.23,0.175309173,0.518236857,0.754385945,0.390950601,0.640002034,5.872514382,5.700000255,33.47333347,7.951829435,-0.059549891,-0.081059551,0.734643726,7.846750285,6.891144823,1.138671511,32.33591723,0.035213831
Delft,Delft-72,2.789354301,19853724.46,0.199792005,0.518236857,0.754385945,0.390950601,0.640002034,5.872514382,5.700000255,33.47333347,7.951829435,-0.059549891,-0.081059551,0.734643726,7.846750285,6.891144823,1.138671511,32.33591723,0.035213831
Delft,Delft-72,3.854380488,22226559.91,0.223670324,0.518236857,0.754385945,0.390950601,0.640002034,5.872514382,5.700000255,33.47333347,7.951829435,-0.059549891,-0.081059551,0.734643726,7.846750285,6.891144823,1.138671511,32.33591723,0.035213831
Delft,Delft-72,5.223699872,24739562.86,0.248959176,0.518236857,0.754385945,0.390950601,0.640002034,5.872514382,5.700000255,33.47333347,7.951829435,-0.059549891,-0.081059551,0.734643726,7.846750285,6.891144823,1.138671511,32.33591723,0.035213831
Delft,Delft-72,6.897312452,27202505.98,0.273744265,0.518236857,0.754385945,0.390950601,0.640002034,5.872514382,5.700000255,33.47333347,7.951829435,-0.059549891,-0.081059551,0.734643726,7.846750285,6.891144823,1.138671511,32.33591723,0.035213831
Delft,Delft-72,8.925933762,29645425.18,0.298327851,0.518236857,0.754385945,0.390950601,0.640002034,5.872514382,5.700000255,33.47333347,7.951829435,-0.059549891,-0.081059551,0.734643726,7.846750285,6.891144823,1.138671511,32.33591723,0.035213831
Delft,Delft-72,11.05598614,32058308.49,0.322609179,0.518236857,0.754385945,0.390950601,0.640002034,5.872514382,5.700000255,33.47333347,7.951829435,-0.059549891,-0.081059551,0.734643726,7.846750285,6.891144823,1.138671511,32.33591723,0.035213831
Delft,Delft-72,14.35249576,34521251.61,0.347394268,0.518236857,0.754385945,0.390950601,0.640002034,5.872514382,5.700000255,33.47333347,7.951829435,-0.059549891,-0.081059551,0.734643726,7.846750285,6.891144823,1.138671511,32.33591723,0.035213831
Delft,Delft-72,17.39542773,36984194.74,0.372179358,0.518236857,0.754385945,0.390950601,0.640002034,5.872514382,5.700000255,33.47333347,7.951829435,-0.059549891,-0.081059551,0.734643726,7.846750285,6.891144823,1.138671511,32.33591723,0.035213831
Delft,Delft-72,21.60481695,39447137.86,0.396964448,0.518236857,0.754385945,0.390950601,0.640002034,5.872514382,5.700000255,33.47333347,7.951829435,-0.059549891,-0.081059551,0.734643726,7.846750285,6.891144823,1.138671511,32.33591723,0.035213831
Delft,Delft-72,27.28495661,41910080.99,0.421749538,0.518236857,0.754385945,0.390950601,0.640002034,5.872514382,5.700000255,33.47333347,7.951829435,-0.059549891,-0.081059551,0.734643726,7.846750285,6.891144823,1.138671511,32.33591723,0.035213831
Delft,Delft-72,33.16795841,44353000.19,0.446333123,0.518236857,0.754385945,0.390950601,0.640002034,5.872514382,5.700000255,33.47333347,7.951829435,-0.059549891,-0.081059551,0.734643726,7.846750285,6.891144823,1.138671511,32.33591723,0.035213831
Delft,Delft-72,39.30453787,46815943.31,0.471118213,0.518236857,0.754385945,0.390950601,0.640002034,5.872514382,5.700000255,33.47333347,7.951829435,-0.059549891,-0.081059551,0.734643726,7.846750285,6.891144823,1.138671511,32.33591723,0.035213831
Delft,Delft-72,44.73109987,49278886.44,0.495903303,0.518236857,0.754385945,0.390950601,0.640002034,5.872514382,5.700000255,33.47333347,7.951829435,-0.059549891,-0.081059551,0.734643726,7.846750285,6.891144823,1.138671511,32.33591723,0.035213831
Delft,Delft-72,50.61410167,51912032.95,0.522401184,0.518236857,0.754385945,0.390950601,0.640002034,5.872514382,5.700000255,33.47333347,7.951829435,-0.059549891,-0.081059551,0.734643726,7.846750285,6.891144823,1.138671511,32.33591723,0.035213831
Delft,Delft-72,55.63493941,54374976.08,0.547186274,0.518236857,0.754385945,0.390950601,0.640002034,5.872514382,5.700000255,33.47333347,7.951829435,-0.059549891,-0.081059551,0.734643726,7.846750285,6.891144823,1.138671511,32.33591723,0.035213831
Delft,Delft-72,59.74289756,56797871.35,0.571568354,0.518236857,0.754385945,0.390950601,0.640002034,5.872514382,5.700000255,33.47333347,7.951829435,-0.059549891,-0.081059551,0.734643726,7.846750285,6.891144823,1.138671511,32.33591723,0.035213831
Delft,Delft-72,65.87947702,59280838.4,0.596554949,0.518236857,0.754385945,0.390950601,0.640002034,5.872514382,5.700000255,33.47333347,7.951829435,-0.059549891,-0.081059551,0.734643726,7.846750285,6.891144823,1.138671511,32.33591723,0.035213831
Delft,Delft-72,70.69745263,61743781.53,0.621340039,0.518236857,0.754385945,0.390950601,0.640002034,5.872514382,5.700000255,33.47333347,7.951829435,-0.059549891,-0.081059551,0.734643726,7.846750285,6.891144823,1.138671511,32.33591723,0.035213831
Delft,Delft-72,75.46471271,64206724.65,0.646125129,0.518236857,0.754385945,0.390950601,0.640002034,5.872514382,5.700000255,33.47333347,7.951829435,-0.059549891,-0.081059551,0.734643726,7.846750285,6.891144823,1.138671511,32.33591723,0.035213831
Delft,Delft-72,79.1669466,66629619.92,0.670507209,0.518236857,0.754385945,0.390950601,0.640002034,5.872514382,5.700000255,33.47333347,7.951829435,-0.059549891,-0.081059551,0.734643726,7.846750285,6.891144823,1.138671511,32.33591723,0.035213831
Delft,Delft-72,84.18778434,69062527.16,0.694990042,0.518236857,0.754385945,0.390950601,0.640002034,5.872514382,5.700000255,33.47333347,7.951829435,-0.059549891,-0.081059551,0.734643726,7.846750285,6.891144823,1.138671511,32.33591723,0.035213831
Delft,Delft-72,89.05647549,71505446.35,0.719573627,0.518236857,0.754385945,0.390950601,0.640002034,5.872514382,5.700000255,33.47333347,7.951829435,-0.059549891,-0.081059551,0.734643726,7.846750285,6.891144823,1.138671511,32.33591723,0.035213831
Delft,Delft-72,93.5701579,73988413.41,0.744560222,0.518236857,0.754385945,0.390950601,0.640002034,5.872514382,5.700000255,33.47333347,7.951829435,-0.059549891,-0.081059551,0.734643726,7.846750285,6.891144823,1.138671511,32.33591723,0.035213831
Delft,Delft-73,1.192581285,14651919.47,0.148286106,0.518865586,0.753586587,0.391010146,0.640101864,4.972166896,5.437837592,27.03783606,7.005565542,-0.061075572,-0.081767296,0.746943759,7.25527756,6.318148003,1.148323457,26.37254846,0.043542377
Delft,Delft-73,1.964251528,17354894.4,0.175641814,0.518865586,0.753586587,0.391010146,0.640101864,4.972166896,5.437837592,27.03783606,7.005565542,-0.061075572,-0.081767296,0.746943759,7.25527756,6.318148003,1.148323457,26.37254846,0.043542377
Delft,Delft-73,2.770997691,19758647.01,0.199969215,0.518865586,0.753586587,0.391010146,0.640101864,4.972166896,5.437837592,27.03783606,7.005565542,-0.061075572,-0.081767296,0.746943759,7.25527756,6.318148003,1.148323457,26.37254846,0.043542377
Delft,Delft-73,3.647895694,22142451.47,0.224094729,0.518865586,0.753586587,0.391010146,0.640101864,4.972166896,5.437837592,27.03783606,7.005565542,-0.061075572,-0.081767296,0.746943759,7.25527756,6.318148003,1.148323457,26.37254846,0.043542377
Delft,Delft-73,5.19123618,24625996.71,0.249229678,0.518865586,0.753586587,0.391010146,0.640101864,4.972166896,5.437837592,27.03783606,7.005565542,-0.061075572,-0.081767296,0.746943759,7.25527756,6.318148003,1.148323457,26.37254846,0.043542377
Delft,Delft-73,6.348741545,27079619.71,0.274061796,0.518865586,0.753586587,0.391010146,0.640101864,4.972166896,5.437837592,27.03783606,7.005565542,-0.061075572,-0.081767296,0.746943759,7.25527756,6.318148003,1.148323457,26.37254846,0.043542377
Delft,Delft-73,8.628676353,29533242.71,0.298893915,0.518865586,0.753586587,0.391010146,0.640101864,4.972166896,5.437837592,27.03783606,7.005565542,-0.061075572,-0.081767296,0.746943759,7.25527756,6.318148003,1.148323457,26.37254846,0.043542377
Delft,Delft-73,10.55785196,31936995.32,0.323221316,0.518865586,0.753586587,0.391010146,0.640101864,4.972166896,5.437837592,27.03783606,7.005565542,-0.061075572,-0.081767296,0.746943759,7.25527756,6.318148003,1.148323457,26.37254846,0.043542377
Delft,Delft-73,12.76763493,34410566.48,0.348255321,0.518865586,0.753586587,0.391010146,0.640101864,4.972166896,5.437837592,27.03783606,7.005565542,-0.061075572,-0.081767296,0.746943759,7.25527756,6.318148003,1.148323457,26.37254846,0.043542377
Delft,Delft-73,16.45060654,36844241.32,0.372885553,0.518865586,0.753586587,0.391010146,0.640101864,4.972166896,5.437837592,27.03783606,7.005565542,-0.061075572,-0.081767296,0.746943759,7.25527756,6.318148003,1.148323457,26.37254846,0.043542377
Delft,Delft-73,22.09782969,39297864.33,0.397717671,0.518865586,0.753586587,0.391010146,0.640101864,4.972166896,5.437837592,27.03783606,7.005565542,-0.061075572,-0.081767296,0.746943759,7.25527756,6.318148003,1.148323457,26.37254846,0.043542377
Delft,Delft-73,28.16596387,41731539.17,0.422347903,0.518865586,0.753586587,0.391010146,0.640101864,4.972166896,5.437837592,27.03783606,7.005565542,-0.061075572,-0.081767296,0.746943759,7.25527756,6.318148003,1.148323457,26.37254846,0.043542377
Delft,Delft-73,36.89986798,44185162.17,0.447180021,0.518865586,0.753586587,0.391010146,0.640101864,4.972166896,5.437837592,27.03783606,7.005565542,-0.061075572,-0.081767296,0.746943759,7.25527756,6.318148003,1.148323457,26.37254846,0.043542377
Delft,Delft-73,44.54641857,46608862.94,0.471709309,0.518865586,0.753586587,0.391010146,0.640101864,4.972166896,5.437837592,27.03783606,7.005565542,-0.061075572,-0.081767296,0.746943759,7.25527756,6.318148003,1.148323457,26.37254846,0.043542377
Delft,Delft-73,51.42129892,49202123.02,0.497954638,0.518865586,0.753586587,0.391010146,0.640101864,4.972166896,5.437837592,27.03783606,7.005565542,-0.061075572,-0.081767296,0.746943759,7.25527756,6.318148003,1.148323457,26.37254846,0.043542377
Delft,Delft-73,58.71709031,51745512.72,0.523695249,0.518865586,0.753586587,0.391010146,0.640101864,4.972166896,5.437837592,27.03783606,7.005565542,-0.061075572,-0.081767296,0.746943759,7.25527756,6.318148003,1.148323457,26.37254846,0.043542377
Delft,Delft-73,64.43446529,54149265.34,0.548022649,0.518865586,0.753586587,0.391010146,0.640101864,4.972166896,5.437837592,27.03783606,7.005565542,-0.061075572,-0.081767296,0.746943759,7.25527756,6.318148003,1.148323457,26.37254846,0.043542377
Delft,Delft-73,70.04661251,56602888.34,0.572854768,0.518865586,0.753586587,0.391010146,0.640101864,4.972166896,5.437837592,27.03783606,7.005565542,-0.061075572,-0.081767296,0.746943759,7.25527756,6.318148003,1.148323457,26.37254846,0.043542377
Delft,Delft-73,75.44830421,59036563.18,0.597484999,0.518865586,0.753586587,0.391010146,0.640101864,4.972166896,5.437837592,27.03783606,7.005565542,-0.061075572,-0.081767296,0.746943759,7.25527756,6.318148003,1.148323457,26.37254846,0.043542377
Delft,Delft-73,80.56938855,61510134.34,0.622519005,0.518865586,0.753586587,0.391010146,0.640101864,4.972166896,5.437837592,27.03783606,7.005565542,-0.061075572,-0.081767296,0.746943759,7.25527756,6.318148003,1.148323457,26.37254846,0.043542377
Delft,Delft-73,86.18153577,63943809.19,0.647149236,0.518865586,0.753586587,0.391010146,0.640101864,4.972166896,5.437837592,27.03783606,7.005565542,-0.061075572,-0.081767296,0.746943759,7.25527756,6.318148003,1.148323457,26.37254846,0.043542377
Delft,Delft-73,90.39064619,66377484.03,0.671779468,0.518865586,0.753586587,0.391010146,0.640101864,4.972166896,5.437837592,27.03783606,7.005565542,-0.061075572,-0.081767296,0.746943759,7.25527756,6.318148003,1.148323457,26.37254846,0.043542377
Delft,Delft-73,95.82741381,68831107.03,0.696611587,0.518865586,0.753586587,0.391010146,0.640101864,4.972166896,5.437837592,27.03783606,7.005565542,-0.061075572,-0.081767296,0.746943759,7.25527756,6.318148003,1.148323457,26.37254846,0.043542377
Delft,Delft-73,100.7029667,71254807.8,0.721140874,0.518865586,0.753586587,0.391010146,0.640101864,4.972166896,5.437837592,27.03783606,7.005565542,-0.061075572,-0.081767296,0.746943759,7.25527756,6.318148003,1.148323457,26.37254846,0.043542377
Delft,Delft-73,103.193357,73708430.8,0.745972993,0.518865586,0.753586587,0.391010146,0.640101864,4.972166896,5.437837592,27.03783606,7.005565542,-0.061075572,-0.081767296,0.746943759,7.25527756,6.318148003,1.148323457,26.37254846,0.043542377
Il Moro di Venezia,Il Moro di Venezia-IACC2,2.477608268,48362831.51,0.189088718,0.547,0.683,0.367,0.682,4.611246944,5.680555556,26.19444444,6.897865543,-0.0223,-0.0482,0.462655602,7.664797656,7.034759314,1.089560753,28.93939394,0.037649743
Il Moro di Venezia,Il Moro di Venezia-IACC2,3.83202664,58035397.81,0.226906461,0.547,0.683,0.367,0.682,4.611246944,5.680555556,26.19444444,6.897865543,-0.0223,-0.0482,0.462655602,7.664797656,7.034759314,1.089560753,28.93939394,0.037649743
Il Moro di Venezia,Il Moro di Venezia-IACC2,5.623105374,67707964.11,0.264724205,0.547,0.683,0.367,0.682,4.611246944,5.680555556,26.19444444,6.897865543,-0.0223,-0.0482,0.462655602,7.664797656,7.034759314,1.089560753,28.93939394,0.037649743
Il Moro di Venezia,Il Moro di Venezia-IACC2,8.312712426,77380530.41,0.302541948,0.547,0.683,0.367,0.682,4.611246944,5.680555556,26.19444444,6.897865543,-0.0223,-0.0482,0.462655602,7.664797656,7.034759314,1.089560753,28.93939394,0.037649743
Il Moro di Venezia,Il Moro di Venezia-IACC2,11.8961519,87053096.71,0.340359692,0.547,0.683,0.367,0.682,4.611246944,5.680555556,26.19444444,6.897865543,-0.0223,-0.0482,0.462655602,7.664797656,7.034759314,1.089560753,28.93939394,0.037649743
Il Moro di Venezia,Il Moro di Venezia-IACC2,19.20004602,96725663.01,0.378177435,0.547,0.683,0.367,0.682,4.611246944,5.680555556,26.19444444,6.897865543,-0.0223,-0.0482,0.462655602,7.664797656,7.034759314,1.089560753,28.93939394,0.037649743
Il Moro di Venezia,Il Moro di Venezia-IACC2,61.24582945,125743361.9,0.491630666,0.547,0.683,0.367,0.682,4.611246944,5.680555556,26.19444444,6.897865543,-0.0223,-0.0482,0.462655602,7.664797656,7.034759314,1.089560753,28.93939394,0.037649743
Il Moro di Venezia,Il Moro di Venezia-IACC2,100.9701259,164433627.1,0.64290164,0.547,0.683,0.367,0.682,4.611246944,5.680555556,26.19444444,6.897865543,-0.0223,-0.0482,0.462655602,7.664797656,7.034759314,1.089560753,28.93939394,0.037649743
Il Moro di Venezia,Il Moro di Venezia-IACC3,2.723486233,48055114.66,0.189693158,0.534,0.694,0.367,0.683,4.81748072,5.637681159,27.15942029,7.103603201,-0.0224,-0.05,0.448,7.803654232,7.152751016,1.091000402,29.51630435,0.036962636
Il Moro di Venezia,Il Moro di Venezia-IACC3,4.102502774,57666137.59,0.22763179,0.534,0.694,0.367,0.683,4.81748072,5.637681159,27.15942029,7.103603201,-0.0224,-0.05,0.448,7.803654232,7.152751016,1.091000402,29.51630435,0.036962636
Il Moro di Venezia,Il Moro di Venezia-IACC3,5.953278453,67277160.52,0.265570422,0.534,0.694,0.367,0.683,4.81748072,5.637681159,27.15942029,7.103603201,-0.0224,-0.05,0.448,7.803654232,7.152751016,1.091000402,29.51630435,0.036962636
Il Moro di Venezia,Il Moro di Venezia-IACC3,8.597717824,76888183.45,0.303509053,0.534,0.694,0.367,0.683,4.81748072,5.637681159,27.15942029,7.103603201,-0.0224,-0.05,0.448,7.803654232,7.152751016,1.091000402,29.51630435,0.036962636
Il Moro di Venezia,Il Moro di Venezia-IACC3,12.01052759,86499206.38,0.341447685,0.534,0.694,0.367,0.683,4.81748072,5.637681159,27.15942029,7.103603201,-0.0224,-0.05,0.448,7.803654232,7.152751016,1.091000402,29.51630435,0.036962636
Il Moro di Venezia,Il Moro di Venezia-IACC3,18.87859657,96110229.31,0.379386317,0.534,0.694,0.367,0.683,4.81748072,5.637681159,27.15942029,7.103603201,-0.0224,-0.05,0.448,7.803654232,7.152751016,1.091000402,29.51630435,0.036962636
Il Moro di Venezia,Il Moro di Venezia-IACC3,57.99699265,124943298.1,0.493202211,0.534,0.694,0.367,0.683,4.81748072,5.637681159,27.15942029,7.103603201,-0.0224,-0.05,0.448,7.803654232,7.152751016,1.091000402,29.51630435,0.036962636
Il Moro di Venezia,Il Moro di Venezia-IACC3,96.26252403,163387389.8,0.644956738,0.534,0.694,0.367,0.683,4.81748072,5.637681159,27.15942029,7.103603201,-0.0224,-0.05,0.448,7.803654232,7.152751016,1.091000402,29.51630435,0.036962636
Il Moro di Venezia,Il Moro di Venezia-IACC4,2.277621379,48311545.36,0.189189056,0.562,0.69,0.38,0.688,4.721804511,5.61971831,26.53521127,6.902956006,-0.0204,-0.0487,0.41889117,7.61321442,6.939288545,1.097117431,29.53645833,0.037144515
Il Moro di Venezia,Il Moro di Venezia-IACC4,3.585398068,57973854.44,0.227026868,0.562,0.69,0.38,0.688,4.721804511,5.61971831,26.53521127,6.902956006,-0.0204,-0.0487,0.41889117,7.61321442,6.939288545,1.097117431,29.53645833,0.037144515
Il Moro di Venezia,Il Moro di Venezia-IACC4,5.291218716,67636163.51,0.264864679,0.562,0.69,0.38,0.688,4.721804511,5.61971831,26.53521127,6.902956006,-0.0204,-0.0487,0.41889117,7.61321442,6.939288545,1.097117431,29.53645833,0.037144515
Il Moro di Venezia,Il Moro di Venezia-IACC4,8.22636322,77298472.58,0.30270249,0.562,0.69,0.38,0.688,4.721804511,5.61971831,26.53521127,6.902956006,-0.0204,-0.0487,0.41889117,7.61321442,6.939288545,1.097117431,29.53645833,0.037144515
Il Moro di Venezia,Il Moro di Venezia-IACC4,11.89030618,86960781.66,0.340540302,0.562,0.69,0.38,0.688,4.721804511,5.61971831,26.53521127,6.902956006,-0.0204,-0.0487,0.41889117,7.61321442,6.939288545,1.097117431,29.53645833,0.037144515
Il Moro di Venezia,Il Moro di Venezia-IACC4,18.57888393,96623090.73,0.378378113,0.562,0.69,0.38,0.688,4.721804511,5.61971831,26.53521127,6.902956006,-0.0204,-0.0487,0.41889117,7.61321442,6.939288545,1.097117431,29.53645833,0.037144515
Il Moro di Venezia,Il Moro di Venezia-IACC4,58.92444354,125610017.9,0.491891547,0.562,0.69,0.38,0.688,4.721804511,5.61971831,26.53521127,6.902956006,-0.0204,-0.0487,0.41889117,7.61321442,6.939288545,1.097117431,29.53645833,0.037144515
Il Moro di Venezia,Il Moro di Venezia-IACC4,81.70946805,144934636.1,0.567567169,0.562,0.69,0.38,0.688,4.721804511,5.61971831,26.53521127,6.902956006,-0.0204,-0.0487,0.41889117,7.61321442,6.939288545,1.097117431,29.53645833,0.037144515
Il Moro di Venezia,Il Moro di Venezia-IACC5,2.625016781,48132043.87,0.189541505,0.517,0.688,0.352,0.68,4.437352246,5.794520548,25.71232877,6.856015969,-0.0168,-0.0447,0.375838926,7.783618121,7.205917291,1.080170339,27.6492891,0.039066839
Il Moro di Venezia,Il Moro di Venezia-IACC5,3.963719786,57758452.64,0.227449806,0.517,0.688,0.352,0.68,4.437352246,5.794520548,25.71232877,6.856015969,-0.0168,-0.0447,0.375838926,7.783618121,7.205917291,1.080170339,27.6492891,0.039066839
Il Moro di Venezia,Il Moro di Venezia-IACC5,5.811950927,67384861.42,0.265358107,0.517,0.688,0.352,0.68,4.437352246,5.794520548,25.71232877,6.856015969,-0.0168,-0.0447,0.375838926,7.783618121,7.205917291,1.080170339,27.6492891,0.039066839
Il Moro di Venezia,Il Moro di Venezia-IACC5,8.311540245,77011270.19,0.303266408,0.517,0.688,0.352,0.68,4.437352246,5.794520548,25.71232877,6.856015969,-0.0168,-0.0447,0.375838926,7.783618121,7.205917291,1.080170339,27.6492891,0.039066839
Il Moro di Venezia,Il Moro di Venezia-IACC5,12.01883111,86637678.96,0.341174709,0.517,0.688,0.352,0.68,4.437352246,5.794520548,25.71232877,6.856015969,-0.0168,-0.0447,0.375838926,7.783618121,7.205917291,1.080170339,27.6492891,0.039066839
Il Moro di Venezia,Il Moro di Venezia-IACC5,19.86707084,96264087.74,0.37908301,0.517,0.688,0.352,0.68,4.437352246,5.794520548,25.71232877,6.856015969,-0.0168,-0.0447,0.375838926,7.783618121,7.205917291,1.080170339,27.6492891,0.039066839
Il Moro di Venezia,Il Moro di Venezia-IACC5,63.15408534,125143314.1,0.492807912,0.517,0.688,0.352,0.68,4.437352246,5.794520548,25.71232877,6.856015969,-0.0168,-0.0447,0.375838926,7.783618121,7.205917291,1.080170339,27.6492891,0.039066839
Il Moro di Venezia,Il Moro di Venezia-IACC5,104.6789366,163648949.2,0.644441116,0.517,0.688,0.352,0.68,4.437352246,5.794520548,25.71232877,6.856015969,-0.0168,-0.0447,0.375838926,7.783618121,7.205917291,1.080170339,27.6492891,0.039066839
Il Moro di Venezia,Il Moro di Venezia-IACC6,2.516309177,46696031.9,0.192433858,0.556,0.692,0.383,0.707,4.419902913,5.802816901,25.64788732,6.660134227,-0.0072,-0.0326,0.220858896,7.688875554,7.100304704,1.082893745,28.45544554,0.038055765
Il Moro di Venezia,Il Moro di Venezia-IACC6,3.926567704,56035238.29,0.23092063,0.556,0.692,0.383,0.707,4.419902913,5.802816901,25.64788732,6.660134227,-0.0072,-0.0326,0.220858896,7.688875554,7.100304704,1.082893745,28.45544554,0.038055765
Il Moro di Venezia,Il Moro di Venezia-IACC6,5.754723367,65374444.67,0.269407402,0.556,0.692,0.383,0.707,4.419902913,5.802816901,25.64788732,6.660134227,-0.0072,-0.0326,0.220858896,7.688875554,7.100304704,1.082893745,28.45544554,0.038055765
Il Moro di Venezia,Il Moro di Venezia-IACC6,8.345155053,74713651.05,0.307894173,0.556,0.692,0.383,0.707,4.419902913,5.802816901,25.64788732,6.660134227,-0.0072,-0.0326,0.220858896,7.688875554,7.100304704,1.082893745,28.45544554,0.038055765
Il Moro di Venezia,Il Moro di Venezia-IACC6,11.73824451,84052857.43,0.346380945,0.556,0.692,0.383,0.707,4.419902913,5.802816901,25.64788732,6.660134227,-0.0072,-0.0326,0.220858896,7.688875554,7.100304704,1.082893745,28.45544554,0.038055765
Il Moro di Venezia,Il Moro di Venezia-IACC6,18.31302653,93392063.81,0.384867717,0.556,0.692,0.383,0.707,4.419902913,5.802816901,25.64788732,6.660134227,-0.0072,-0.0326,0.220858896,7.688875554,7.100304704,1.082893745,28.45544554,0.038055765
Il Moro di Venezia,Il Moro di Venezia-IACC6,57.42218441,121409683.0,0.500328032,0.556,0.692,0.383,0.707,4.419902913,5.802816901,25.64788732,6.660134227,-0.0072,-0.0326,0.220858896,7.688875554,7.100304704,1.082893745,28.45544554,0.038055765
Il Moro di Venezia,Il Moro di Venezia-IACC6,95.99054204,158766508.5,0.654275118,0.556,0.692,0.383,0.707,4.419902913,5.802816901,25.64788732,6.660134227,-0.0072,-0.0326,0.220858896,7.688875554,7.100304704,1.082893745,28.45544554,0.038055765
Il Moro di Venezia,Il Moro di Venezia-IACC7,2.559960005,48157686.94,0.189491034,0.526,0.694,0.362,0.675,4.569343066,5.630136986,25.7260274,6.875340236,-0.0138,-0.0427,0.323185012,7.6208615,6.984226042,1.091153329,27.60194175,0.03953176
Il Moro di Venezia,Il Moro di Venezia-IACC7,3.753128865,57789224.33,0.227389241,0.526,0.694,0.362,0.675,4.569343066,5.630136986,25.7260274,6.875340236,-0.0138,-0.0427,0.323185012,7.6208615,6.984226042,1.091153329,27.60194175,0.03953176
Il Moro di Venezia,Il Moro di Venezia-IACC7,5.614674892,67420761.71,0.265287448,0.526,0.694,0.362,0.675,4.569343066,5.630136986,25.7260274,6.875340236,-0.0138,-0.0427,0.323185012,7.6208615,6.984226042,1.091153329,27.60194175,0.03953176
Il Moro di Venezia,Il Moro di Venezia-IACC7,8.274688712,77052299.1,0.303185655,0.526,0.694,0.362,0.675,4.569343066,5.630136986,25.7260274,6.875340236,-0.0138,-0.0427,0.323185012,7.6208615,6.984226042,1.091153329,27.60194175,0.03953176
Il Moro di Venezia,Il Moro di Venezia-IACC7,11.96447308,86683836.49,0.341083862,0.526,0.694,0.362,0.675,4.569343066,5.630136986,25.7260274,6.875340236,-0.0138,-0.0427,0.323185012,7.6208615,6.984226042,1.091153329,27.60194175,0.03953176
Il Moro di Venezia,Il Moro di Venezia-IACC7,19.26528849,96315373.88,0.378982069,0.526,0.694,0.362,0.675,4.569343066,5.630136986,25.7260274,6.875340236,-0.0138,-0.0427,0.323185012,7.6208615,6.984226042,1.091153329,27.60194175,0.03953176
Il Moro di Venezia,Il Moro di Venezia-IACC7,62.02937677,125209986.0,0.49267669,0.526,0.694,0.362,0.675,4.569343066,5.630136986,25.7260274,6.875340236,-0.0138,-0.0427,0.323185012,7.6208615,6.984226042,1.091153329,27.60194175,0.03953176
Il Moro di Venezia,Il Moro di Venezia-IACC9,3.44604464,57635365.9,0.227692548,0.535,0.681,0.357,0.686,5.188365651,4.247058824,22.03529412,6.846971127,-0.0147,-0.0446,0.329596413,7.053275118,6.185981531,1.140203068,25.87254902,0.044069994
Il Moro di Venezia,Il Moro di Venezia-IACC9,7.446301835,76847154.54,0.303590065,0.535,0.681,0.357,0.686,5.188365651,4.247058824,22.03529412,6.846971127,-0.0147,-0.0446,0.329596413,7.053275118,6.185981531,1.140203068,25.87254902,0.044069994
Il Moro di Venezia,Il Moro di Venezia-IACC9,10.9643763,86453048.85,0.341538823,0.535,0.681,0.357,0.686,5.188365651,4.247058824,22.03529412,6.846971127,-0.0147,-0.0446,0.329596413,7.053275118,6.185981531,1.140203068,25.87254902,0.044069994
Il Moro di Venezia,Il Moro di Venezia-IACC9,18.07160554,96058943.17,0.379487581,0.535,0.681,0.357,0.686,5.188365651,4.247058824,22.03529412,6.846971127,-0.0147,-0.0446,0.329596413,7.053275118,6.185981531,1.140203068,25.87254902,0.044069994
Il Moro di Venezia,Il Moro di Venezia-IACC9,58.56880184,124876626.1,0.493333855,0.535,0.681,0.357,0.686,5.188365651,4.247058824,22.03529412,6.846971127,-0.0147,-0.0446,0.329596413,7.053275118,6.185981531,1.140203068,25.87254902,0.044069994
Il Moro di Venezia,Il Moro di Venezia-IACC10,2.871552699,48055114.66,0.189693158,0.536,0.698,0.371,0.68,3.93697479,7.677419355,30.22580645,6.83618562,-0.0206,-0.0477,0.431865828,8.516643997,8.061535833,1.056454275,31.2195122,0.033839551
Il Moro di Venezia,Il Moro di Venezia-IACC10,4.327023736,57666137.59,0.22763179,0.536,0.698,0.371,0.68,3.93697479,7.677419355,30.22580645,6.83618562,-0.0206,-0.0477,0.431865828,8.516643997,8.061535833,1.056454275,31.2195122,0.033839551
Il Moro di Venezia,Il Moro di Venezia-IACC10,6.441748206,67277160.52,0.265570422,0.536,0.698,0.371,0.68,3.93697479,7.677419355,30.22580645,6.83618562,-0.0206,-0.0477,0.431865828,8.516643997,8.061535833,1.056454275,31.2195122,0.033839551
Il Moro di Venezia,Il Moro di Venezia-IACC10,9.717658684,76888183.45,0.303509053,0.536,0.698,0.371,0.68,3.93697479,7.677419355,30.22580645,6.83618562,-0.0206,-0.0477,0.431865828,8.516643997,8.061535833,1.056454275,31.2195122,0.033839551
Il Moro di Venezia,Il Moro di Venezia-IACC10,13.96353732,86499206.38,0.341447685,0.536,0.698,0.371,0.68,3.93697479,7.677419355,30.22580645,6.83618562,-0.0206,-0.0477,0.431865828,8.516643997,8.061535833,1.056454275,31.2195122,0.033839551
Il Moro di Venezia,Il Moro di Venezia-IACC10,21.44536977,96110229.31,0.379386317,0.536,0.698,0.371,0.68,3.93697479,7.677419355,30.22580645,6.83618562,-0.0206,-0.0477,0.431865828,8.516643997,8.061535833,1.056454275,31.2195122,0.033839551
Il Moro di Venezia,Il Moro di Venezia-IACC10,34.2893232,105721252.2,0.417324948,0.536,0.698,0.371,0.68,3.93697479,7.677419355,30.22580645,6.83618562,-0.0206,-0.0477,0.431865828,8.516643997,8.061535833,1.056454275,31.2195122,0.033839551
Il Moro di Venezia,Il Moro di Venezia-IACC10,65.37068777,124943298.1,0.493202211,0.536,0.698,0.371,0.68,3.93697479,7.677419355,30.22580645,6.83618562,-0.0206,-0.0477,0.431865828,8.516643997,8.061535833,1.056454275,31.2195122,0.033839551
Il Moro di Venezia,Il Moro di Venezia-IACC10,77.22355958,134554321.0,0.531140843,0.536,0.698,0.371,0.68,3.93697479,7.677419355,30.22580645,6.83618562,-0.0206,-0.0477,0.431865828,8.516643997,8.061535833,1.056454275,31.2195122,0.033839551
Il Moro di Venezia,Il Moro di Venezia-IACC11,2.288907725,47388394.82,0.191022919,0.541,0.704,0.377,0.694,4.666666667,5.424657534,25.31506849,6.783308722,-0.0249,-0.0404,0.616336634,7.488550708,6.841824487,1.094525404,27.51485149,0.039779441
Il Moro di Venezia,Il Moro di Venezia-IACC11,3.604786266,56866073.78,0.229227503,0.541,0.704,0.377,0.694,4.666666667,5.424657534,25.31506849,6.783308722,-0.0249,-0.0404,0.616336634,7.488550708,6.841824487,1.094525404,27.51485149,0.039779441
Il Moro di Venezia,Il Moro di Venezia-IACC11,5.478120812,66343752.74,0.267432087,0.541,0.704,0.377,0.694,4.666666667,5.424657534,25.31506849,6.783308722,-0.0249,-0.0404,0.616336634,7.488550708,6.841824487,1.094525404,27.51485149,0.039779441
Il Moro di Venezia,Il Moro di Venezia-IACC11,7.644633822,75821431.7,0.30563667,0.541,0.704,0.377,0.694,4.666666667,5.424657534,25.31506849,6.783308722,-0.0249,-0.0404,0.616336634,7.488550708,6.841824487,1.094525404,27.51485149,0.039779441
Il Moro di Venezia,Il Moro di Venezia-IACC11,10.47130097,85299110.67,0.343841254,0.541,0.704,0.377,0.694,4.666666667,5.424657534,25.31506849,6.783308722,-0.0249,-0.0404,0.616336634,7.488550708,6.841824487,1.094525404,27.51485149,0.039779441
Il Moro di Venezia,Il Moro di Venezia-IACC11,16.67283158,94776789.63,0.382045838,0.541,0.704,0.377,0.694,4.666666667,5.424657534,25.31506849,6.783308722,-0.0249,-0.0404,0.616336634,7.488550708,6.841824487,1.094525404,27.51485149,0.039779441
Il Moro di Venezia,Il Moro di Venezia-IACC11,53.09951972,123209826.5,0.496659589,0.541,0.704,0.377,0.694,4.666666667,5.424657534,25.31506849,6.783308722,-0.0249,-0.0404,0.616336634,7.488550708,6.841824487,1.094525404,27.51485149,0.039779441
Il Moro di Venezia,Il Moro di Venezia-IACC11,90.04610009,161120542.4,0.649477925,0.541,0.704,0.377,0.694,4.666666667,5.424657534,25.31506849,6.783308722,-0.0249,-0.0404,0.616336634,7.488550708,6.841824487,1.094525404,27.51485149,0.039779441
Il Moro di Venezia,Il Moro di Venezia-IACC14,2.363392995,48644905.28,0.188539693,0.56,0.698,0.387,0.689,4.582125604,5.307692308,24.32051282,6.607884107,-0.0342,-0.0582,0.587628866,7.317782574,6.563071787,1.114993529,27.04484305,0.041227584
Il Moro di Venezia,Il Moro di Venezia-IACC14,3.517582877,58373886.34,0.226247631,0.56,0.698,0.387,0.689,4.582125604,5.307692308,24.32051282,6.607884107,-0.0342,-0.0582,0.587628866,7.317782574,6.563071787,1.114993529,27.04484305,0.041227584
Il Moro di Venezia,Il Moro di Venezia-IACC14,5.214022994,68102867.4,0.26395557,0.56,0.698,0.387,0.689,4.582125604,5.307692308,24.32051282,6.607884107,-0.0342,-0.0582,0.587628866,7.317782574,6.563071787,1.114993529,27.04484305,0.041227584
Il Moro di Venezia,Il Moro di Venezia-IACC14,7.920799843,77831848.45,0.301663508,0.56,0.698,0.387,0.689,4.582125604,5.307692308,24.32051282,6.607884107,-0.0342,-0.0582,0.587628866,7.317782574,6.563071787,1.114993529,27.04484305,0.041227584
Il Moro di Venezia,Il Moro di Venezia-IACC14,11.13868404,87560829.51,0.339371447,0.56,0.698,0.387,0.689,4.582125604,5.307692308,24.32051282,6.607884107,-0.0342,-0.0582,0.587628866,7.317782574,6.563071787,1.114993529,27.04484305,0.041227584
Il Moro di Venezia,Il Moro di Venezia-IACC14,17.21381261,97289810.57,0.377079386,0.56,0.698,0.387,0.689,4.582125604,5.307692308,24.32051282,6.607884107,-0.0342,-0.0582,0.587628866,7.317782574,6.563071787,1.114993529,27.04484305,0.041227584
Il Moro di Venezia,Il Moro di Venezia-IACC14,28.45442639,107018791.6,0.414787324,0.56,0.698,0.387,0.689,4.582125604,5.307692308,24.32051282,6.607884107,-0.0342,-0.0582,0.587628866,7.317782574,6.563071787,1.114993529,27.04484305,0.041227584
Il Moro di Venezia,Il Moro di Venezia-IACC14,43.12704325,116747772.7,0.452495263,0.56,0.698,0.387,0.689,4.582125604,5.307692308,24.32051282,6.607884107,-0.0342,-0.0582,0.587628866,7.317782574,6.563071787,1.114993529,27.04484305,0.041227584
Il Moro di Venezia,Il Moro di Venezia-IACC14,58.60473353,126476753.7,0.490203201,0.56,0.698,0.387,0.689,4.582125604,5.307692308,24.32051282,6.607884107,-0.0342,-0.0582,0.587628866,7.317782574,6.563071787,1.114993529,27.04484305,0.041227584
Il Moro di Venezia,Il Moro di Venezia-IACC14,100.3572274,165392678.0,0.641034956,0.56,0.698,0.387,0.689,4.582125604,5.307692308,24.32051282,6.607884107,-0.0342,-0.0582,0.587628866,7.317782574,6.563071787,1.114993529,27.04484305,0.041227584
Il Moro di Venezia,Il Moro di Venezia-IACC15,2.05479887,48952622.13,0.187946177,0.552,0.698,0.381,0.689,4.7725,4.87804878,23.2804878,6.638479905,-0.038,-0.0598,0.635451505,7.167378843,6.360791752,1.126806084,26.22566372,0.042965779
Il Moro di Venezia,Il Moro di Venezia-IACC15,3.307396122,58743146.56,0.225535412,0.552,0.698,0.381,0.689,4.7725,4.87804878,23.2804878,6.638479905,-0.038,-0.0598,0.635451505,7.167378843,6.360791752,1.126806084,26.22566372,0.042965779
Il Moro di Venezia,Il Moro di Venezia-IACC15,5.031181495,68533670.99,0.263124648,0.552,0.698,0.381,0.689,4.7725,4.87804878,23.2804878,6.638479905,-0.038,-0.0598,0.635451505,7.167378843,6.360791752,1.126806084,26.22566372,0.042965779
Il Moro di Venezia,Il Moro di Venezia-IACC15,7.638410633,78324195.41,0.300713883,0.552,0.698,0.381,0.689,4.7725,4.87804878,23.2804878,6.638479905,-0.038,-0.0598,0.635451505,7.167378843,6.360791752,1.126806084,26.22566372,0.042965779
Il Moro di Venezia,Il Moro di Venezia-IACC15,10.83003059,88114719.84,0.338303119,0.552,0.698,0.381,0.689,4.7725,4.87804878,23.2804878,6.638479905,-0.038,-0.0598,0.635451505,7.167378843,6.360791752,1.126806084,26.22566372,0.042965779
Il Moro di Venezia,Il Moro di Venezia-IACC15,16.53164809,97905244.27,0.375892354,0.552,0.698,0.381,0.689,4.7725,4.87804878,23.2804878,6.638479905,-0.038,-0.0598,0.635451505,7.167378843,6.360791752,1.126806084,26.22566372,0.042965779
Il Moro di Venezia,Il Moro di Venezia-IACC15,56.54243431,127276817.5,0.48866006,0.552,0.698,0.381,0.689,4.7725,4.87804878,23.2804878,6.638479905,-0.038,-0.0598,0.635451505,7.167378843,6.360791752,1.126806084,26.22566372,0.042965779
Il Moro di Venezia,Il Moro di Venezia-IACC15,98.62444133,166438915.3,0.639017002,0.552,0.698,0.381,0.689,4.7725,4.87804878,23.2804878,6.638479905,-0.038,-0.0598,0.635451505,7.167378843,6.360791752,1.126806084,26.22566372,0.042965779
Il Moro di Venezia,Il Moro di Venezia-IACC16,2.556200996,48029471.59,0.18974379,0.54,0.739,0.394,0.686,4.535108959,6.164179104,27.95522388,6.844742658,-0.0212,-0.0501,0.423153693,7.733787936,7.09676206,1.08976289,28.66831683,0.038012796
Il Moro di Venezia,Il Moro di Venezia-IACC16,3.809968745,57635365.9,0.227692548,0.54,0.739,0.394,0.686,4.535108959,6.164179104,27.95522388,6.844742658,-0.0212,-0.0501,0.423153693,7.733787936,7.09676206,1.08976289,28.66831683,0.038012796
Il Moro di Venezia,Il Moro di Venezia-IACC16,5.559848267,67241260.22,0.265641306,0.54,0.739,0.394,0.686,4.535108959,6.164179104,27.95522388,6.844742658,-0.0212,-0.0501,0.423153693,7.733787936,7.09676206,1.08976289,28.66831683,0.038012796
Il Moro di Venezia,Il Moro di Venezia-IACC16,8.285320616,76847154.54,0.303590065,0.54,0.739,0.394,0.686,4.535108959,6.164179104,27.95522388,6.844742658,-0.0212,-0.0501,0.423153693,7.733787936,7.09676206,1.08976289,28.66831683,0.038012796
Il Moro di Venezia,Il Moro di Venezia-IACC16,11.88778247,86453048.85,0.341538823,0.54,0.739,0.394,0.686,4.535108959,6.164179104,27.95522388,6.844742658,-0.0212,-0.0501,0.423153693,7.733787936,7.09676206,1.08976289,28.66831683,0.038012796
Il Moro di Venezia,Il Moro di Venezia-IACC16,19.3756975,96058943.17,0.379487581,0.54,0.739,0.394,0.686,4.535108959,6.164179104,27.95522388,6.844742658,-0.0212,-0.0501,0.423153693,7.733787936,7.09676206,1.08976289,28.66831683,0.038012796
Il Moro di Venezia,Il Moro di Venezia-IACC16,61.93293824,124876626.1,0.493333855,0.54,0.739,0.394,0.686,4.535108959,6.164179104,27.95522388,6.844742658,-0.0212,-0.0501,0.423153693,7.733787936,7.09676206,1.08976289,28.66831683,0.038012796
Il Moro di Venezia,Il Moro di Venezia-IACC17,1.984037608,47388394.82,0.191022919,0.552,0.724,0.396,0.703,4.562962963,5.0,22.81481481,6.415581109,-0.044,-0.0534,0.823970037,7.078285355,6.350329565,1.114632758,25.0982906,0.044410704
Il Moro di Venezia,Il Moro di Venezia-IACC17,3.063017556,56866073.78,0.229227503,0.552,0.724,0.396,0.703,4.562962963,5.0,22.81481481,6.415581109,-0.044,-0.0534,0.823970037,7.078285355,6.350329565,1.114632758,25.0982906,0.044410704
Il Moro di Venezia,Il Moro di Venezia-IACC17,4.614440073,66343752.74,0.267432087,0.552,0.724,0.396,0.703,4.562962963,5.0,22.81481481,6.415581109,-0.044,-0.0534,0.823970037,7.078285355,6.350329565,1.114632758,25.0982906,0.044410704
Il Moro di Venezia,Il Moro di Venezia-IACC17,7.143247744,75821431.7,0.30563667,0.552,0.724,0.396,0.703,4.562962963,5.0,22.81481481,6.415581109,-0.044,-0.0534,0.823970037,7.078285355,6.350329565,1.114632758,25.0982906,0.044410704
Il Moro di Venezia,Il Moro di Venezia-IACC17,10.25169447,85299110.67,0.343841254,0.552,0.724,0.396,0.703,4.562962963,5.0,22.81481481,6.415581109,-0.044,-0.0534,0.823970037,7.078285355,6.350329565,1.114632758,25.0982906,0.044410704
Il Moro di Venezia,Il Moro di Venezia-IACC17,16.03222729,94776789.63,0.382045838,0.552,0.724,0.396,0.703,4.562962963,5.0,22.81481481,6.415581109,-0.044,-0.0534,0.823970037,7.078285355,6.350329565,1.114632758,25.0982906,0.044410704
Il Moro di Venezia,Il Moro di Venezia-IACC17,55.95603209,123209826.5,0.496659589,0.552,0.724,0.396,0.703,4.562962963,5.0,22.81481481,6.415581109,-0.044,-0.0534,0.823970037,7.078285355,6.350329565,1.114632758,25.0982906,0.044410704
Il Moro di Venezia,Il Moro di Venezia-IACC19,2.08739717,47696111.67,0.190405719,0.555,0.743,0.406,0.696,4.732824427,4.9125,23.25,6.459944764,-0.0418,-0.0584,0.715753425,6.970828773,6.145764423,1.134249264,25.01731602,0.045338567
Il Moro di Venezia,Il Moro di Venezia-IACC19,3.076357272,57235334.0,0.228486863,0.555,0.743,0.406,0.696,4.732824427,4.9125,23.25,6.459944764,-0.0418,-0.0584,0.715753425,6.970828773,6.145764423,1.134249264,25.01731602,0.045338567
Il Moro di Venezia,Il Moro di Venezia-IACC19,4.754665167,66774556.33,0.266568006,0.555,0.743,0.406,0.696,4.732824427,4.9125,23.25,6.459944764,-0.0418,-0.0584,0.715753425,6.970828773,6.145764423,1.134249264,25.01731602,0.045338567
Il Moro di Venezia,Il Moro di Venezia-IACC19,7.122948724,76313778.66,0.30464915,0.555,0.743,0.406,0.696,4.732824427,4.9125,23.25,6.459944764,-0.0418,-0.0584,0.715753425,6.970828773,6.145764423,1.134249264,25.01731602,0.045338567
Il Moro di Venezia,Il Moro di Venezia-IACC19,10.00127927,85853001.0,0.342730294,0.555,0.743,0.406,0.696,4.732824427,4.9125,23.25,6.459944764,-0.0418,-0.0584,0.715753425,6.970828773,6.145764423,1.134249264,25.01731602,0.045338567
Il Moro di Venezia,Il Moro di Venezia-IACC19,15.7853222,95392223.33,0.380811438,0.555,0.743,0.406,0.696,4.732824427,4.9125,23.25,6.459944764,-0.0418,-0.0584,0.715753425,6.970828773,6.145764423,1.134249264,25.01731602,0.045338567
Il Moro di Venezia,Il Moro di Venezia-IACC19,55.25013458,124009890.3,0.495054869,0.555,0.743,0.406,0.696,4.732824427,4.9125,23.25,6.459944764,-0.0418,-0.0584,0.715753425,6.970828773,6.145764423,1.134249264,25.01731602,0.045338567
US Sailing,US Sailing-1,0.334691465,12534651.66,0.094336559,0.544,0.765,0.404384153,0.691266718,3.685515573,3.290547264,12.12736318,4.799067244,-0.046603216,-0.073268789,0.636058231,5.444447569,4.31977441,1.260354605,13.81157953,0.091253473
US Sailing,US Sailing-1,0.385449867,13868198.37,0.104372913,0.544,0.765,0.404384153,0.691266718,3.685515573,3.290547264,12.12736318,4.799067244,-0.046603216,-0.073268789,0.636058231,5.444447569,4.31977441,1.260354605,13.81157953,0.091253473
US Sailing,US Sailing-1,0.47298772,15124413.11,0.113827263,0.544,0.765,0.404384153,0.691266718,3.685515573,3.290547264,12.12736318,4.799067244,-0.046603216,-0.073268789,0.636058231,5.444447569,4.31977441,1.260354605,13.81157953,0.091253473
US Sailing,US Sailing-1,0.536688682,16384064.84,0.123307479,0.544,0.765,0.404384153,0.691266718,3.685515573,3.290547264,12.12736318,4.799067244,-0.046603216,-0.073268789,0.636058231,5.444447569,4.31977441,1.260354605,13.81157953,0.091253473
US Sailing,US Sailing-1,0.613890175,17654027.49,0.132865296,0.544,0.765,0.404384153,0.691266718,3.685515573,3.290547264,12.12736318,4.799067244,-0.046603216,-0.073268789,0.636058231,5.444447569,4.31977441,1.260354605,13.81157953,0.091253473
US Sailing,US Sailing-1,0.699129882,18893057.36,0.142190311,0.544,0.765,0.404384153,0.691266718,3.685515573,3.290547264,12.12736318,4.799067244,-0.046603216,-0.073268789,0.636058231,5.444447569,4.31977441,1.260354605,13.81157953,0.091253473
US Sailing,US Sailing-1,0.700361299,18913679.21,0.142345512,0.544,0.765,0.404384153,0.691266718,3.685515573,3.290547264,12.12736318,4.799067244,-0.046603216,-0.073268789,0.636058231,5.444447569,4.31977441,1.260354605,13.81157953,0.091253473
US Sailing,US Sailing-1,0.817851689,20180204.89,0.151877462,0.544,0.765,0.404384153,0.691266718,3.685515573,3.290547264,12.12736318,4.799067244,-0.046603216,-0.073268789,0.636058231,5.444447569,4.31977441,1.260354605,13.81157953,0.091253473
US Sailing,US Sailing-1,0.899258893,21436419.63,0.161331812,0.544,0.765,0.404384153,0.691266718,3.685515573,3.290547264,12.12736318,4.799067244,-0.046603216,-0.073268789,0.636058231,5.444447569,4.31977441,1.260354605,13.81157953,0.091253473
US Sailing,US Sailing-1,1.013072662,22708100.77,0.170902562,0.544,0.765,0.404384153,0.691266718,3.685515573,3.290547264,12.12736318,4.799067244,-0.046603216,-0.073268789,0.636058231,5.444447569,4.31977441,1.260354605,13.81157953,0.091253473
US Sailing,US Sailing-1,1.117295341,23967752.5,0.180382779,0.544,0.765,0.404384153,0.691266718,3.685515573,3.290547264,12.12736318,4.799067244,-0.046603216,-0.073268789,0.636058231,5.444447569,4.31977441,1.260354605,13.81157953,0.091253473
US Sailing,US Sailing-1,1.256904545,25181005.04,0.189513792,0.544,0.765,0.404384153,0.691266718,3.685515573,3.290547264,12.12736318,4.799067244,-0.046603216,-0.073268789,0.636058231,5.444447569,4.31977441,1.260354605,13.81157953,0.091253473
US Sailing,US Sailing-1,1.643617179,28392859.16,0.213686403,0.544,0.765,0.404384153,0.691266718,3.685515573,3.290547264,12.12736318,4.799067244,-0.046603216,-0.073268789,0.636058231,5.444447569,4.31977441,1.260354605,13.81157953,0.091253473
US Sailing,US Sailing-1,2.126523252,31537692.25,0.23735461,0.544,0.765,0.404384153,0.691266718,3.685515573,3.290547264,12.12736318,4.799067244,-0.046603216,-0.073268789,0.636058231,5.444447569,4.31977441,1.260354605,13.81157953,0.091253473
US Sailing,US Sailing-1,2.789851041,34687680.8,0.261061618,0.544,0.765,0.404384153,0.691266718,3.685515573,3.290547264,12.12736318,4.799067244,-0.046603216,-0.073268789,0.636058231,5.444447569,4.31977441,1.260354605,13.81157953,0.091253473
US Sailing,US Sailing-1,3.709430136,37868602.14,0.285001427,0.544,0.765,0.404384153,0.691266718,3.685515573,3.290547264,12.12736318,4.799067244,-0.046603216,-0.073268789,0.636058231,5.444447569,4.31977441,1.260354605,13.81157953,0.091253473
US Sailing,US Sailing-1,4.58247145,40970473.02,0.308346298,0.544,0.765,0.404384153,0.691266718,3.685515573,3.290547264,12.12736318,4.799067244,-0.046603216,-0.073268789,0.636058231,5.444447569,4.31977441,1.260354605,13.81157953,0.091253473
US Sailing,US Sailing-1,6.517531646,44166860.75,0.332402509,0.544,0.765,0.404384153,0.691266718,3.685515573,3.290547264,12.12736318,4.799067244,-0.046603216,-0.073268789,0.636058231,5.444447569,4.31977441,1.260354605,13.81157953,0.091253473
US Sailing,US Sailing-1,10.75204254,47337471.16,0.356264718,0.544,0.765,0.404384153,0.691266718,3.685515573,3.290547264,12.12736318,4.799067244,-0.046603216,-0.073268789,0.636058231,5.444447569,4.31977441,1.260354605,13.81157953,0.091253473
US Sailing,US Sailing-1,18.33858743,50487459.71,0.379971725,0.544,0.765,0.404384153,0.691266718,3.685515573,3.290547264,12.12736318,4.799067244,-0.046603216,-0.073268789,0.636058231,5.444447569,4.31977441,1.260354605,13.81157953,0.091253473
US Sailing,US Sailing-1,28.93027328,53646040.7,0.4037434,0.544,0.765,0.404384153,0.691266718,3.685515573,3.290547264,12.12736318,4.799067244,-0.046603216,-0.073268789,0.636058231,5.444447569,4.31977441,1.260354605,13.81157953,0.091253473
US Sailing,US Sailing-1,42.55973391,56823525.06,0.427657342,0.544,0.765,0.404384153,0.691266718,3.685515573,3.290547264,12.12736318,4.799067244,-0.046603216,-0.073268789,0.636058231,5.444447569,4.31977441,1.260354605,13.81157953,0.091253473
US Sailing,US Sailing-1,57.48149384,59971795.12,0.451351416,0.544,0.765,0.404384153,0.691266718,3.685515573,3.290547264,12.12736318,4.799067244,-0.046603216,-0.073268789,0.636058231,5.444447569,4.31977441,1.260354605,13.81157953,0.091253473
US Sailing,US Sailing-1,71.62118413,63132094.6,0.475136025,0.544,0.765,0.404384153,0.691266718,3.685515573,3.290547264,12.12736318,4.799067244,-0.046603216,-0.073268789,0.636058231,5.444447569,4.31977441,1.260354605,13.81157953,0.091253473
US Sailing,US Sailing-1,82.91088785,66295831.06,0.4989465,0.544,0.765,0.404384153,0.691266718,3.685515573,3.290547264,12.12736318,4.799067244,-0.046603216,-0.073268789,0.636058231,5.444447569,4.31977441,1.260354605,13.81157953,0.091253473
US Sailing,US Sailing-2,0.375960336,15673784.89,0.085109564,0.548,0.767,0.405093873,0.687459991,3.182556312,4.465497076,14.21169591,4.815286253,-0.046827422,-0.072092832,0.649543379,5.810298246,5.008590787,1.160066472,14.77681531,0.078505852
US Sailing,US Sailing-2,0.451698265,17256758.12,0.0937052,0.548,0.767,0.405093873,0.687459991,3.182556312,4.465497076,14.21169591,4.815286253,-0.046827422,-0.072092832,0.649543379,5.810298246,5.008590787,1.160066472,14.77681531,0.078505852
US Sailing,US Sailing-2,0.529124392,18833322.55,0.102266037,0.548,0.767,0.405093873,0.687459991,3.182556312,4.465497076,14.21169591,4.815286253,-0.046827422,-0.072092832,0.649543379,5.810298246,5.008590787,1.160066472,14.77681531,0.078505852
US Sailing,US Sailing-2,0.608916945,20388524.32,0.110710873,0.548,0.767,0.405093873,0.687459991,3.182556312,4.465497076,14.21169591,4.815286253,-0.046827422,-0.072092832,0.649543379,5.810298246,5.008590787,1.160066472,14.77681531,0.078505852
US Sailing,US Sailing-2,0.694617335,21980042.62,0.11935291,0.548,0.767,0.405093873,0.687459991,3.182556312,4.465497076,14.21169591,4.815286253,-0.046827422,-0.072092832,0.649543379,5.810298246,5.008590787,1.160066472,14.77681531,0.078505852
US Sailing,US Sailing-2,0.792315089,23556607.05,0.127913747,0.548,0.767,0.405093873,0.687459991,3.182556312,4.465497076,14.21169591,4.815286253,-0.046827422,-0.072092832,0.649543379,5.810298246,5.008590787,1.160066472,14.77681531,0.078505852
US Sailing,US Sailing-2,0.910360764,25148125.35,0.136555784,0.548,0.767,0.405093873,0.687459991,3.182556312,4.465497076,14.21169591,4.815286253,-0.046827422,-0.072092832,0.649543379,5.810298246,5.008590787,1.160066472,14.77681531,0.078505852
US Sailing,US Sailing-2,1.02754531,26696918.32,0.144965819,0.548,0.767,0.405093873,0.687459991,3.182556312,4.465497076,14.21169591,4.815286253,-0.046827422,-0.072092832,0.649543379,5.810298246,5.008590787,1.160066472,14.77681531,0.078505852
US Sailing,US Sailing-2,1.133782115,28286300.35,0.153596256,0.548,0.767,0.405093873,0.687459991,3.182556312,4.465497076,14.21169591,4.815286253,-0.046827422,-0.072092832,0.649543379,5.810298246,5.008590787,1.160066472,14.77681531,0.078505852
US Sailing,US Sailing-2,1.282850981,29841502.13,0.162041092,0.548,0.767,0.405093873,0.687459991,3.182556312,4.465497076,14.21169591,4.815286253,-0.046827422,-0.072092832,0.649543379,5.810298246,5.008590787,1.160066472,14.77681531,0.078505852
US Sailing,US Sailing-2,1.407493345,31415930.29,0.170590329,0.548,0.767,0.405093873,0.687459991,3.182556312,4.465497076,14.21169591,4.815286253,-0.046827422,-0.072092832,0.649543379,5.810298246,5.008590787,1.160066472,14.77681531,0.078505852
US Sailing,US Sailing-2,1.827553122,35368022.71,0.192050421,0.548,0.767,0.405093873,0.687459991,3.182556312,4.465497076,14.21169591,4.815286253,-0.046827422,-0.072092832,0.649543379,5.810298246,5.008590787,1.160066472,14.77681531,0.078505852
US Sailing,US Sailing-2,2.391460936,39273117.27,0.213255311,0.548,0.767,0.405093873,0.687459991,3.182556312,4.465497076,14.21169591,4.815286253,-0.046827422,-0.072092832,0.649543379,5.810298246,5.008590787,1.160066472,14.77681531,0.078505852
US Sailing,US Sailing-2,3.064715731,43233754.75,0.234761803,0.548,0.767,0.405093873,0.687459991,3.182556312,4.465497076,14.21169591,4.815286253,-0.046827422,-0.072092832,0.649543379,5.810298246,5.008590787,1.160066472,14.77681531,0.078505852
US Sailing,US Sailing-2,4.086233717,47164484.5,0.256105894,0.548,0.767,0.405093873,0.687459991,3.182556312,4.465497076,14.21169591,4.815286253,-0.046827422,-0.072092832,0.649543379,5.810298246,5.008590787,1.160066472,14.77681531,0.078505852
US Sailing,US Sailing-2,5.178561131,51090941.72,0.277426785,0.548,0.767,0.405093873,0.687459991,3.182556312,4.465497076,14.21169591,4.815286253,-0.046827422,-0.072092832,0.649543379,5.810298246,5.008590787,1.160066472,14.77681531,0.078505852
US Sailing,US Sailing-2,7.174171743,55017398.94,0.298747677,0.548,0.767,0.405093873,0.687459991,3.182556312,4.465497076,14.21169591,4.815286253,-0.046827422,-0.072092832,0.649543379,5.810298246,5.008590787,1.160066472,14.77681531,0.078505852
US Sailing,US Sailing-2,11.19187101,58969491.35,0.320207768,0.548,0.767,0.405093873,0.687459991,3.182556312,4.465497076,14.21169591,4.815286253,-0.046827422,-0.072092832,0.649543379,5.810298246,5.008590787,1.160066472,14.77681531,0.078505852
US Sailing,US Sailing-2,18.30046926,62906629.9,0.34158666,0.548,0.767,0.405093873,0.687459991,3.182556312,4.465497076,14.21169591,4.815286253,-0.046827422,-0.072092832,0.649543379,5.810298246,5.008590787,1.160066472,14.77681531,0.078505852
US Sailing,US Sailing-2,28.24204435,66837359.66,0.362930751,0.548,0.767,0.405093873,0.687459991,3.182556312,4.465497076,14.21169591,4.815286253,-0.046827422,-0.072092832,0.649543379,5.810298246,5.008590787,1.160066472,14.77681531,0.078505852
US Sailing,US Sailing-2,41.63466335,70797997.13,0.384437243,0.548,0.767,0.405093873,0.687459991,3.182556312,4.465497076,14.21169591,4.815286253,-0.046827422,-0.072092832,0.649543379,5.810298246,5.008590787,1.160066472,14.77681531,0.078505852
US Sailing,US Sailing-2,56.99029935,74709500.49,0.405676934,0.548,0.767,0.405093873,0.687459991,3.182556312,4.465497076,14.21169591,4.815286253,-0.046827422,-0.072092832,0.649543379,5.810298246,5.008590787,1.160066472,14.77681531,0.078505852
US Sailing,US Sailing-3,0.404888031,12459575.39,0.094620349,0.549,0.769,0.406212858,0.685974873,2.728603604,6.115702479,16.68732782,4.821600163,-0.04729674,-0.0723896,0.65336374,6.400021146,5.844537452,1.095043226,16.30046257,0.06717866
US Sailing,US Sailing-3,0.489757482,13742429.94,0.104362586,0.549,0.769,0.406212858,0.685974873,2.728603604,6.115702479,16.68732782,4.821600163,-0.04729674,-0.0723896,0.65336374,6.400021146,5.844537452,1.095043226,16.30046257,0.06717866
US Sailing,US Sailing-3,0.546796383,15021868.11,0.114078879,0.549,0.769,0.406212858,0.685974873,2.728603604,6.115702479,16.68732782,4.821600163,-0.04729674,-0.0723896,0.65336374,6.400021146,5.844537452,1.095043226,16.30046257,0.06717866
US Sailing,US Sailing-3,0.654542813,16282516.13,0.123652476,0.549,0.769,0.406212858,0.685974873,2.728603604,6.115702479,16.68732782,4.821600163,-0.04729674,-0.0723896,0.65336374,6.400021146,5.844537452,1.095043226,16.30046257,0.06717866
US Sailing,US Sailing-3,0.742350609,17498751.07,0.132888792,0.549,0.769,0.406212858,0.685974873,2.728603604,6.115702479,16.68732782,4.821600163,-0.04729674,-0.0723896,0.65336374,6.400021146,5.844537452,1.095043226,16.30046257,0.06717866
US Sailing,US Sailing-3,0.849326005,18781605.62,0.14263103,0.549,0.769,0.406212858,0.685974873,2.728603604,6.115702479,16.68732782,4.821600163,-0.04729674,-0.0723896,0.65336374,6.400021146,5.844537452,1.095043226,16.30046257,0.06717866
US Sailing,US Sailing-3,0.973828495,20064460.18,0.152373268,0.549,0.769,0.406212858,0.685974873,2.728603604,6.115702479,16.68732782,4.821600163,-0.04729674,-0.0723896,0.65336374,6.400021146,5.844537452,1.095043226,16.30046257,0.06717866
US Sailing,US Sailing-3,1.074078125,21260196.78,0.161453915,0.549,0.769,0.406212858,0.685974873,2.728603604,6.115702479,16.68732782,4.821600163,-0.04729674,-0.0723896,0.65336374,6.400021146,5.844537452,1.095043226,16.30046257,0.06717866
US Sailing,US Sailing-3,1.20817005,22532802.16,0.171118319,0.549,0.769,0.406212858,0.685974873,2.728603604,6.115702479,16.68732782,4.821600163,-0.04729674,-0.0723896,0.65336374,6.400021146,5.844537452,1.095043226,16.30046257,0.06717866
US Sailing,US Sailing-3,1.372627468,23810532.13,0.18082164,0.549,0.769,0.406212858,0.685974873,2.728603604,6.115702479,16.68732782,4.821600163,-0.04729674,-0.0723896,0.65336374,6.400021146,5.844537452,1.095043226,16.30046257,0.06717866
US Sailing,US Sailing-3,1.519725123,25030183.47,0.1900839,0.549,0.769,0.406212858,0.685974873,2.728603604,6.115702479,16.68732782,4.821600163,-0.04729674,-0.0723896,0.65336374,6.400021146,5.844537452,1.095043226,16.30046257,0.06717866
US Sailing,US Sailing-3,1.991021839,28169846.14,0.213927087,0.549,0.769,0.406212858,0.685974873,2.728603604,6.115702479,16.68732782,4.821600163,-0.04729674,-0.0723896,0.65336374,6.400021146,5.844537452,1.095043226,16.30046257,0.06717866
US Sailing,US Sailing-3,2.575894987,31324882.58,0.237887024,0.549,0.769,0.406212858,0.685974873,2.728603604,6.115702479,16.68732782,4.821600163,-0.04729674,-0.0723896,0.65336374,6.400021146,5.844537452,1.095043226,16.30046257,0.06717866
US Sailing,US Sailing-3,3.405600616,34479919.01,0.261846961,0.549,0.769,0.406212858,0.685974873,2.728603604,6.115702479,16.68732782,4.821600163,-0.04729674,-0.0723896,0.65336374,6.400021146,5.844537452,1.095043226,16.30046257,0.06717866
US Sailing,US Sailing-3,4.487079603,37629830.86,0.285767982,0.549,0.769,0.406212858,0.685974873,2.728603604,6.115702479,16.68732782,4.821600163,-0.04729674,-0.0723896,0.65336374,6.400021146,5.844537452,1.095043226,16.30046257,0.06717866
US Sailing,US Sailing-3,5.885892798,40718247.68,0.309221998,0.549,0.769,0.406212858,0.685974873,2.728603604,6.115702479,16.68732782,4.821600163,-0.04729674,-0.0723896,0.65336374,6.400021146,5.844537452,1.095043226,16.30046257,0.06717866
US Sailing,US Sailing-3,7.959387982,43868159.53,0.333143018,0.549,0.769,0.406212858,0.685974873,2.728603604,6.115702479,16.68732782,4.821600163,-0.04729674,-0.0723896,0.65336374,6.400021146,5.844537452,1.095043226,16.30046257,0.06717866
US Sailing,US Sailing-3,11.95610096,47024904.16,0.357115928,0.549,0.769,0.406212858,0.685974873,2.728603604,6.115702479,16.68732782,4.821600163,-0.04729674,-0.0723896,0.65336374,6.400021146,5.844537452,1.095043226,16.30046257,0.06717866
US Sailing,US Sailing-3,19.15437549,50178232.4,0.381062893,0.549,0.769,0.406212858,0.685974873,2.728603604,6.115702479,16.68732782,4.821600163,-0.04729674,-0.0723896,0.65336374,6.400021146,5.844537452,1.095043226,16.30046257,0.06717866
US Sailing,US Sailing-3,28.72838129,53288855.76,0.404685549,0.549,0.769,0.406212858,0.685974873,2.728603604,6.115702479,16.68732782,4.821600163,-0.04729674,-0.0723896,0.65336374,6.400021146,5.844537452,1.095043226,16.30046257,0.06717866
US Sailing,US Sailing-3,42.49667311,56443892.19,0.428645487,0.549,0.769,0.406212858,0.685974873,2.728603604,6.115702479,16.68732782,4.821600163,-0.04729674,-0.0723896,0.65336374,6.400021146,5.844537452,1.095043226,16.30046257,0.06717866
US Sailing,US Sailing-3,58.24676689,59573305.7,0.452410839,0.549,0.769,0.406212858,0.685974873,2.728603604,6.115702479,16.68732782,4.821600163,-0.04729674,-0.0723896,0.65336374,6.400021146,5.844537452,1.095043226,16.30046257,0.06717866
US Sailing,US Sailing-4,0.780630069,13253498.53,0.101921433,0.549,0.748,0.396,0.682157461,4.348172277,4.675126904,20.32825719,6.068300152,-0.047194939,-0.07274846,0.648741419,6.611653202,5.777128116,1.144453277,21.21686678,0.05394073
US Sailing,US Sailing-4,1.125624828,16517748.49,0.127024015,0.549,0.748,0.396,0.682157461,4.348172277,4.675126904,20.32825719,6.068300152,-0.047194939,-0.07274846,0.648741419,6.611653202,5.777128116,1.144453277,21.21686678,0.05394073
US Sailing,US Sailing-4,1.633701402,19858226.39,0.152712802,0.549,0.748,0.396,0.682157461,4.348172277,4.675126904,20.32825719,6.068300152,-0.047194939,-0.07274846,0.648741419,6.611653202,5.777128116,1.144453277,21.21686678,0.05394073
US Sailing,US Sailing-4,2.130431413,23161437.29,0.178115,0.549,0.748,0.396,0.682157461,4.348172277,4.675126904,20.32825719,6.068300152,-0.047194939,-0.07274846,0.648741419,6.611653202,5.777128116,1.144453277,21.21686678,0.05394073
US Sailing,US Sailing-4,2.853634095,26495139.38,0.203751679,0.549,0.748,0.396,0.682157461,4.348172277,4.675126904,20.32825719,6.068300152,-0.047194939,-0.07274846,0.648741419,6.611653202,5.777128116,1.144453277,21.21686678,0.05394073
US Sailing,US Sailing-4,3.65256277,29793268.42,0.229114796,0.549,0.748,0.396,0.682157461,4.348172277,4.675126904,20.32825719,6.068300152,-0.047194939,-0.07274846,0.648741419,6.611653202,5.777128116,1.144453277,21.21686678,0.05394073
US Sailing,US Sailing-4,4.689783497,33091397.46,0.254477914,0.549,0.748,0.396,0.682157461,4.348172277,4.675126904,20.32825719,6.068300152,-0.047194939,-0.07274846,0.648741419,6.611653202,5.777128116,1.144453277,21.21686678,0.05394073
US Sailing,US Sailing-4,6.010772717,36420017.68,0.280075513,0.549,0.748,0.396,0.682157461,4.348172277,4.675126904,20.32825719,6.068300152,-0.047194939,-0.07274846,0.648741419,6.611653202,5.777128116,1.144453277,21.21686678,0.05394073
US Sailing,US Sailing-4,7.818747342,39719840.68,0.305451657,0.549,0.748,0.396,0.682157461,4.348172277,4.675126904,20.32825719,6.068300152,-0.047194939,-0.07274846,0.648741419,6.611653202,5.777128116,1.144453277,21.21686678,0.05394073
US Sailing,US Sailing-4,9.641724931,43033215.31,0.330932016,0.549,0.748,0.396,0.682157461,4.348172277,4.675126904,20.32825719,6.068300152,-0.047194939,-0.07274846,0.648741419,6.611653202,5.777128116,1.144453277,21.21686678,0.05394073
US Sailing,US Sailing-4,12.59990956,46339814.13,0.356360267,0.549,0.748,0.396,0.682157461,4.348172277,4.675126904,20.32825719,6.068300152,-0.047194939,-0.07274846,0.648741419,6.611653202,5.777128116,1.144453277,21.21686678,0.05394073
US Sailing,US Sailing-4,18.01185064,49663352.49,0.381918786,0.549,0.748,0.396,0.682157461,4.348172277,4.675126904,20.32825719,6.068300152,-0.047194939,-0.07274846,0.648741419,6.611653202,5.777128116,1.144453277,21.21686678,0.05394073
US Sailing,US Sailing-4,26.53021336,52961481.53,0.407281903,0.549,0.748,0.396,0.682157461,4.348172277,4.675126904,20.32825719,6.068300152,-0.047194939,-0.07274846,0.648741419,6.611653202,5.777128116,1.144453277,21.21686678,0.05394073
US Sailing,US Sailing-4,38.40921886,56296877.57,0.432931609,0.549,0.748,0.396,0.682157461,4.348172277,4.675126904,20.32825719,6.068300152,-0.047194939,-0.07274846,0.648741419,6.611653202,5.777128116,1.144453277,21.21686678,0.05394073
US Sailing,US Sailing-4,51.84360964,59589924.75,0.458255646,0.549,0.748,0.396,0.682157461,4.348172277,4.675126904,20.32825719,6.068300152,-0.047194939,-0.07274846,0.648741419,6.611653202,5.777128116,1.144453277,21.21686678,0.05394073
US Sailing,US Sailing-4,66.19378497,62937178.47,0.48399654,0.549,0.748,0.396,0.682157461,4.348172277,4.675126904,20.32825719,6.068300152,-0.047194939,-0.07274846,0.648741419,6.611653202,5.777128116,1.144453277,21.21686678,0.05394073
US Sailing,US Sailing-4,78.74852481,66211592.15,0.509177283,0.549,0.748,0.396,0.682157461,4.348172277,4.675126904,20.32825719,6.068300152,-0.047194939,-0.07274846,0.648741419,6.611653202,5.777128116,1.144453277,21.21686678,0.05394073
US Sailing,US Sailing-4,99.20509866,72841729.32,0.560164053,0.549,0.748,0.396,0.682157461,4.348172277,4.675126904,20.32825719,6.068300152,-0.047194939,-0.07274846,0.648741419,6.611653202,5.777128116,1.144453277,21.21686678,0.05394073
US Sailing,US Sailing-4,115.745905,79468478.59,0.61112477,0.549,0.748,0.396,0.682157461,4.348172277,4.675126904,20.32825719,6.068300152,-0.047194939,-0.07274846,0.648741419,6.611653202,5.777128116,1.144453277,21.21686678,0.05394073
US Sailing,US Sailing-5,0.851741686,13178587.23,0.101662514,0.549,0.759,0.402,0.682863931,3.862435567,6.050682261,23.37037037,6.08152341,-0.047626991,-0.072649929,0.655568312,7.158657452,6.53879455,1.094797733,23.0192878,0.047560018
US Sailing,US Sailing-5,1.246983365,16395474.28,0.126478287,0.549,0.759,0.402,0.682863931,3.862435567,6.050682261,23.37037037,6.08152341,-0.047626991,-0.072649929,0.655568312,7.158657452,6.53879455,1.094797733,23.0192878,0.047560018
US Sailing,US Sailing-5,1.784616292,19772952.13,0.152532892,0.549,0.759,0.402,0.682863931,3.862435567,6.050682261,23.37037037,6.08152341,-0.047626991,-0.072649929,0.655568312,7.158657452,6.53879455,1.094797733,23.0192878,0.047560018
US Sailing,US Sailing-5,2.376079438,23028719.06,0.177648592,0.549,0.759,0.402,0.682863931,3.862435567,6.050682261,23.37037037,6.08152341,-0.047626991,-0.072649929,0.655568312,7.158657452,6.53879455,1.094797733,23.0192878,0.047560018
US Sailing,US Sailing-5,3.144118329,26390983.04,0.203585835,0.549,0.759,0.402,0.682863931,3.862435567,6.050682261,23.37037037,6.08152341,-0.047626991,-0.072649929,0.655568312,7.158657452,6.53879455,1.094797733,23.0192878,0.047560018
US Sailing,US Sailing-5,4.088141417,29690701.14,0.229040584,0.549,0.759,0.402,0.682863931,3.862435567,6.050682261,23.37037037,6.08152341,-0.047626991,-0.072649929,0.655568312,7.158657452,6.53879455,1.094797733,23.0192878,0.047560018
US Sailing,US Sailing-5,5.249633591,32983657.51,0.254443172,0.549,0.759,0.402,0.682863931,3.862435567,6.050682261,23.37037037,6.08152341,-0.047626991,-0.072649929,0.655568312,7.158657452,6.53879455,1.094797733,23.0192878,0.047560018
US Sailing,US Sailing-5,6.710972491,36298589.47,0.280015285,0.549,0.759,0.402,0.682863931,3.862435567,6.050682261,23.37037037,6.08152341,-0.047626991,-0.072649929,0.655568312,7.158657452,6.53879455,1.094797733,23.0192878,0.047560018
US Sailing,US Sailing-5,8.666009529,39588164.99,0.305391792,0.549,0.759,0.402,0.682863931,3.862435567,6.050682261,23.37037037,6.08152341,-0.047626991,-0.072649929,0.655568312,7.158657452,6.53879455,1.094797733,23.0192878,0.047560018
US Sailing,US Sailing-5,10.71666166,42612343.1,0.328720966,0.549,0.759,0.402,0.682863931,3.862435567,6.050682261,23.37037037,6.08152341,-0.047626991,-0.072649929,0.655568312,7.158657452,6.53879455,1.094797733,23.0192878,0.047560018
US Sailing,US Sailing-5,14.00268573,46196053.33,0.356366493,0.549,0.759,0.402,0.682863931,3.862435567,6.050682261,23.37037037,6.08152341,-0.047626991,-0.072649929,0.655568312,7.158657452,6.53879455,1.094797733,23.0192878,0.047560018
US Sailing,US Sailing-5,19.38200319,49516056.58,0.381977727,0.549,0.759,0.402,0.682863931,3.862435567,6.050682261,23.37037037,6.08152341,-0.047626991,-0.072649929,0.655568312,7.158657452,6.53879455,1.094797733,23.0192878,0.047560018
US Sailing,US Sailing-5,28.16484596,52776894.79,0.407132548,0.549,0.759,0.402,0.682863931,3.862435567,6.050682261,23.37037037,6.08152341,-0.047626991,-0.072649929,0.655568312,7.158657452,6.53879455,1.094797733,23.0192878,0.047560018
US Sailing,US Sailing-5,39.72813127,56137468.35,0.43305675,0.549,0.759,0.402,0.682863931,3.862435567,6.050682261,23.37037037,6.08152341,-0.047626991,-0.072649929,0.655568312,7.158657452,6.53879455,1.094797733,23.0192878,0.047560018
US Sailing,US Sailing-5,53.73211382,59399997.0,0.458224612,0.549,0.759,0.402,0.682863931,3.862435567,6.050682261,23.37037037,6.08152341,-0.047626991,-0.072649929,0.655568312,7.158657452,6.53879455,1.094797733,23.0192878,0.047560018
US Sailing,US Sailing-5,68.44747937,62699715.09,0.483679361,0.549,0.759,0.402,0.682863931,3.862435567,6.050682261,23.37037037,6.08152341,-0.047626991,-0.072649929,0.655568312,7.158657452,6.53879455,1.094797733,23.0192878,0.047560018
US Sailing,US Sailing-5,81.6849589,66009575.76,0.509212353,0.549,0.759,0.402,0.682863931,3.862435567,6.050682261,23.37037037,6.08152341,-0.047626991,-0.072649929,0.655568312,7.158657452,6.53879455,1.094797733,23.0192878,0.047560018
US Sailing,US Sailing-5,103.1008754,72615773.67,0.560174013,0.549,0.759,0.402,0.682863931,3.862435567,6.050682261,23.37037037,6.08152341,-0.047626991,-0.072649929,0.655568312,7.158657452,6.53879455,1.094797733,23.0192878,0.047560018
US Sailing,US Sailing-5,121.5541287,79223662.0,0.611148714,0.549,0.759,0.402,0.682863931,3.862435567,6.050682261,23.37037037,6.08152341,-0.047626991,-0.072649929,0.655568312,7.158657452,6.53879455,1.094797733,23.0192878,0.047560018
US Sailing,US Sailing-6,0.927387141,13170374.92,0.101459495,0.551,0.761,0.405,0.687565383,3.423680456,7.754424779,26.54867257,6.080143024,-0.046916667,-0.071666667,0.654651163,7.8703628,7.424177898,1.060098897,25.42837105,0.041689611
US Sailing,US Sailing-6,1.402724785,16471428.55,0.126889541,0.551,0.761,0.405,0.687565383,3.423680456,7.754424779,26.54867257,6.080143024,-0.046916667,-0.071666667,0.654651163,7.8703628,7.424177898,1.060098897,25.42837105,0.041689611
US Sailing,US Sailing-6,1.961593357,19772482.18,0.152319587,0.551,0.761,0.405,0.687565383,3.423680456,7.754424779,26.54867257,6.080143024,-0.046916667,-0.071666667,0.654651163,7.8703628,7.424177898,1.060098897,25.42837105,0.041689611
US Sailing,US Sailing-6,2.688691478,23063383.93,0.177671426,0.551,0.761,0.405,0.687565383,3.423680456,7.754424779,26.54867257,6.080143024,-0.046916667,-0.071666667,0.654651163,7.8703628,7.424177898,1.060098897,25.42837105,0.041689611
US Sailing,US Sailing-6,3.505209108,26396585.19,0.203349125,0.551,0.761,0.405,0.687565383,3.423680456,7.754424779,26.54867257,6.080143024,-0.046916667,-0.071666667,0.654651163,7.8703628,7.424177898,1.060098897,25.42837105,0.041689611
US Sailing,US Sailing-6,4.572014473,29697638.82,0.228779171,0.551,0.761,0.405,0.687565383,3.423680456,7.754424779,26.54867257,6.080143024,-0.046916667,-0.071666667,0.654651163,7.8703628,7.424177898,1.060098897,25.42837105,0.041689611
US Sailing,US Sailing-6,5.892813102,32995308.49,0.254183148,0.551,0.761,0.405,0.687565383,3.423680456,7.754424779,26.54867257,6.080143024,-0.046916667,-0.071666667,0.654651163,7.8703628,7.424177898,1.060098897,25.42837105,0.041689611
US Sailing,US Sailing-6,7.580687391,36311589.94,0.279730503,0.551,0.761,0.405,0.687565383,3.423680456,7.754424779,26.54867257,6.080143024,-0.046916667,-0.071666667,0.654651163,7.8703628,7.424177898,1.060098897,25.42837105,0.041689611
US Sailing,US Sailing-6,9.579886538,39609259.62,0.30513448,0.551,0.761,0.405,0.687565383,3.423680456,7.754424779,26.54867257,6.080143024,-0.046916667,-0.071666667,0.654651163,7.8703628,7.424177898,1.060098897,25.42837105,0.041689611
US Sailing,US Sailing-6,11.87172829,42631136.49,0.328413855,0.551,0.761,0.405,0.687565383,3.423680456,7.754424779,26.54867257,6.080143024,-0.046916667,-0.071666667,0.654651163,7.8703628,7.424177898,1.060098897,25.42837105,0.041689611
US Sailing,US Sailing-6,11.81607019,42639596.39,0.328479027,0.551,0.761,0.405,0.687565383,3.423680456,7.754424779,26.54867257,6.080143024,-0.046916667,-0.071666667,0.654651163,7.8703628,7.424177898,1.060098897,25.42837105,0.041689611
US Sailing,US Sailing-6,15.38261816,46221518.76,0.356072777,0.551,0.761,0.405,0.687565383,3.423680456,7.754424779,26.54867257,6.080143024,-0.046916667,-0.071666667,0.654651163,7.8703628,7.424177898,1.060098897,25.42837105,0.041689611
US Sailing,US Sailing-6,20.91451937,49537800.21,0.381620132,0.551,0.761,0.405,0.687565383,3.423680456,7.754424779,26.54867257,6.080143024,-0.046916667,-0.071666667,0.654651163,7.8703628,7.424177898,1.060098897,25.42837105,0.041689611
US Sailing,US Sailing-6,29.66137742,52833777.9,0.407011075,0.551,0.761,0.405,0.687565383,3.423680456,7.754424779,26.54867257,6.080143024,-0.046916667,-0.071666667,0.654651163,7.8703628,7.424177898,1.060098897,25.42837105,0.041689611
US Sailing,US Sailing-6,41.03155666,56163595.2,0.432662705,0.551,0.761,0.405,0.687565383,3.423680456,7.754424779,26.54867257,6.080143024,-0.046916667,-0.071666667,0.654651163,7.8703628,7.424177898,1.060098897,25.42837105,0.041689611
US Sailing,US Sailing-6,53.58115793,59461264.87,0.458066682,0.551,0.761,0.405,0.687565383,3.423680456,7.754424779,26.54867257,6.080143024,-0.046916667,-0.071666667,0.654651163,7.8703628,7.424177898,1.060098897,25.42837105,0.041689611
US Sailing,US Sailing-6,68.01738277,62760626.52,0.483483693,0.551,0.761,0.405,0.687565383,3.423680456,7.754424779,26.54867257,6.080143024,-0.046916667,-0.071666667,0.654651163,7.8703628,7.424177898,1.060098897,25.42837105,0.041689611
US Sailing,US Sailing-6,82.06283903,66073524.02,0.509004979,0.551,0.761,0.405,0.687565383,3.423680456,7.754424779,26.54867257,6.080143024,-0.046916667,-0.071666667,0.654651163,7.8703628,7.424177898,1.060098897,25.42837105,0.041689611
US Sailing,US Sailing-6,105.0766538,72689167.12,0.559969345,0.551,0.761,0.405,0.687565383,3.423680456,7.754424779,26.54867257,6.080143024,-0.046916667,-0.071666667,0.654651163,7.8703628,7.424177898,1.060098897,25.42837105,0.041689611
US Sailing,US Sailing-6,124.6038477,79301426.27,0.610907643,0.551,0.761,0.405,0.687565383,3.423680456,7.754424779,26.54867257,6.080143024,-0.046916667,-0.071666667,0.654651163,7.8703628,7.424177898,1.060098897,25.42837105,0.041689611
US Sailing,US Sailing-7,1.422310388,13775053.44,0.107756814,0.55,0.757,0.401,0.682619772,5.443629698,5.361179361,29.18427518,7.344375134,-0.048072066,-0.073497222,0.654066438,7.558015229,6.763943823,1.117397694,29.40625144,0.037998644
US Sailing,US Sailing-7,1.628742649,15146697.06,0.118486641,0.55,0.757,0.401,0.682619772,5.443629698,5.361179361,29.18427518,7.344375134,-0.048072066,-0.073497222,0.654066438,7.558015229,6.763943823,1.117397694,29.40625144,0.037998644
US Sailing,US Sailing-7,1.910961493,16486519.89,0.128967547,0.55,0.757,0.401,0.682619772,5.443629698,5.361179361,29.18427518,7.344375134,-0.048072066,-0.073497222,0.654066438,7.558015229,6.763943823,1.117397694,29.40625144,0.037998644
US Sailing,US Sailing-7,2.024759738,17136333.96,0.134050786,0.55,0.757,0.401,0.682619772,5.443629698,5.361179361,29.18427518,7.344375134,-0.048072066,-0.073497222,0.654066438,7.558015229,6.763943823,1.117397694,29.40625144,0.037998644
US Sailing,US Sailing-7,2.262855795,18017267.47,0.140941982,0.55,0.757,0.401,0.682619772,5.443629698,5.361179361,29.18427518,7.344375134,-0.048072066,-0.073497222,0.654066438,7.558015229,6.763943823,1.117397694,29.40625144,0.037998644
US Sailing,US Sailing-7,2.570402772,19388911.09,0.151671809,0.55,0.757,0.401,0.682619772,5.443629698,5.361179361,29.18427518,7.344375134,-0.048072066,-0.073497222,0.654066438,7.558015229,6.763943823,1.117397694,29.40625144,0.037998644
US Sailing,US Sailing-7,2.96515982,20681840.11,0.161785883,0.55,0.757,0.401,0.682619772,5.443629698,5.361179361,29.18427518,7.344375134,-0.048072066,-0.073497222,0.654066438,7.558015229,6.763943823,1.117397694,29.40625144,0.037998644
US Sailing,US Sailing-7,3.385176151,22086979.3,0.172777733,0.55,0.757,0.401,0.682619772,5.443629698,5.361179361,29.18427518,7.344375134,-0.048072066,-0.073497222,0.654066438,7.558015229,6.763943823,1.117397694,29.40625144,0.037998644
US Sailing,US Sailing-7,3.699829406,23346412.76,0.182629785,0.55,0.757,0.401,0.682619772,5.443629698,5.361179361,29.18427518,7.344375134,-0.048072066,-0.073497222,0.654066438,7.558015229,6.763943823,1.117397694,29.40625144,0.037998644
US Sailing,US Sailing-7,3.994312649,24093363.99,0.18847289,0.55,0.757,0.401,0.682619772,5.443629698,5.361179361,29.18427518,7.344375134,-0.048072066,-0.073497222,0.654066438,7.558015229,6.763943823,1.117397694,29.40625144,0.037998644
US Sailing,US Sailing-7,4.249264152,24954200.15,0.195206872,0.55,0.757,0.401,0.682619772,5.443629698,5.361179361,29.18427518,7.344375134,-0.048072066,-0.073497222,0.654066438,7.558015229,6.763943823,1.117397694,29.40625144,0.037998644
US Sailing,US Sailing-7,4.725943406,26215308.39,0.205072025,0.55,0.757,0.401,0.682619772,5.443629698,5.361179361,29.18427518,7.344375134,-0.048072066,-0.073497222,0.654066438,7.558015229,6.763943823,1.117397694,29.40625144,0.037998644
US Sailing,US Sailing-7,5.227554817,27535033.87,0.215395717,0.55,0.757,0.401,0.682619772,5.443629698,5.361179361,29.18427518,7.344375134,-0.048072066,-0.073497222,0.654066438,7.558015229,6.763943823,1.117397694,29.40625144,0.037998644
US Sailing,US Sailing-7,6.63287229,30988427.21,0.242410252,0.55,0.757,0.401,0.682619772,5.443629698,5.361179361,29.18427518,7.344375134,-0.048072066,-0.073497222,0.654066438,7.558015229,6.763943823,1.117397694,29.40625144,0.037998644
US Sailing,US Sailing-7,8.443111304,34435121.43,0.269372382,0.55,0.757,0.401,0.682619772,5.443629698,5.361179361,29.18427518,7.344375134,-0.048072066,-0.073497222,0.654066438,7.558015229,6.763943823,1.117397694,29.40625144,0.037998644
US Sailing,US Sailing-7,10.76519762,37868417.43,0.296229703,0.55,0.757,0.401,0.682619772,5.443629698,5.361179361,29.18427518,7.344375134,-0.048072066,-0.073497222,0.654066438,7.558015229,6.763943823,1.117397694,29.40625144,0.037998644
US Sailing,US Sailing-7,13.31062531,41308412.54,0.323139429,0.55,0.757,0.401,0.682619772,5.443629698,5.361179361,29.18427518,7.344375134,-0.048072066,-0.073497222,0.654066438,7.558015229,6.763943823,1.117397694,29.40625144,0.037998644
US Sailing,US Sailing-7,16.21890482,44750082.42,0.350062256,0.55,0.757,0.401,0.682619772,5.443629698,5.361179361,29.18427518,7.344375134,-0.048072066,-0.073497222,0.654066438,7.558015229,6.763943823,1.117397694,29.40625144,0.037998644
US Sailing,US Sailing-7,20.26786806,48238646.11,0.377351915,0.55,0.757,0.401,0.682619772,5.443629698,5.361179361,29.18427518,7.344375134,-0.048072066,-0.073497222,0.654066438,7.558015229,6.763943823,1.117397694,29.40625144,0.037998644
US Sailing,US Sailing-7,27.04647823,51660218.65,0.404117528,0.55,0.757,0.401,0.682619772,5.443629698,5.361179361,29.18427518,7.344375134,-0.048072066,-0.073497222,0.654066438,7.558015229,6.763943823,1.117397694,29.40625144,0.037998644
US Sailing,US Sailing-7,36.67711106,55103563.32,0.431053456,0.55,0.757,0.401,0.682619772,5.443629698,5.361179361,29.18427518,7.344375134,-0.048072066,-0.073497222,0.654066438,7.558015229,6.763943823,1.117397694,29.40625144,0.037998644
US Sailing,US Sailing-7,48.82441908,58556956.66,0.458067991,0.55,0.757,0.401,0.682619772,5.443629698,5.361179361,29.18427518,7.344375134,-0.048072066,-0.073497222,0.654066438,7.558015229,6.763943823,1.117397694,29.40625144,0.037998644
US Sailing,US Sailing-7,62.01635352,61970155.31,0.484768099,0.55,0.757,0.401,0.682619772,5.443629698,5.361179361,29.18427518,7.344375134,-0.048072066,-0.073497222,0.654066438,7.558015229,6.763943823,1.117397694,29.40625144,0.037998644
US Sailing,US Sailing-7,74.34655356,65423548.64,0.511782634,0.55,0.757,0.401,0.682619772,5.443629698,5.361179361,29.18427518,7.344375134,-0.048072066,-0.073497222,0.654066438,7.558015229,6.763943823,1.117397694,29.40625144,0.037998644
US Sailing,US Sailing-7,85.57416437,68833397.74,0.538456539,0.55,0.757,0.401,0.682619772,5.443629698,5.361179361,29.18427518,7.344375134,-0.048072066,-0.073497222,0.654066438,7.558015229,6.763943823,1.117397694,29.40625144,0.037998644
US Sailing,US Sailing-7,104.1253244,75720087.07,0.592328395,0.55,0.757,0.401,0.682619772,5.443629698,5.361179361,29.18427518,7.344375134,-0.048072066,-0.073497222,0.654066438,7.558015229,6.763943823,1.117397694,29.40625144,0.037998644
US Sailing,US Sailing-7,119.2492774,82620174.63,0.646305061,0.55,0.757,0.401,0.682619772,5.443629698,5.361179361,29.18427518,7.344375134,-0.048072066,-0.073497222,0.654066438,7.558015229,6.763943823,1.117397694,29.40625144,0.037998644
US Sailing,US Sailing-8,1.371485011,13713443.36,0.108037995,0.551,0.756,0.401,0.682936135,4.948514023,6.509536785,32.21253406,7.35584194,-0.04829978,-0.073845373,0.654066438,8.086081997,7.467411163,1.08284944,31.51020758,0.034365037
US Sailing,US Sailing-8,1.659333607,15125292.94,0.119160905,0.551,0.756,0.401,0.682936135,4.948514023,6.509536785,32.21253406,7.35584194,-0.04829978,-0.073845373,0.654066438,8.086081997,7.467411163,1.08284944,31.51020758,0.034365037
US Sailing,US Sailing-8,2.114471866,16377121.8,0.129023131,0.551,0.756,0.401,0.682936135,4.948514023,6.509536785,32.21253406,7.35584194,-0.04829978,-0.073845373,0.654066438,8.086081997,7.467411163,1.08284944,31.51020758,0.034365037
US Sailing,US Sailing-8,2.253670162,17135553.39,0.134998248,0.551,0.756,0.401,0.682936135,4.948514023,6.509536785,32.21253406,7.35584194,-0.04829978,-0.073845373,0.654066438,8.086081997,7.467411163,1.08284944,31.51020758,0.034365037
US Sailing,US Sailing-8,2.441480386,17888984.34,0.140933968,0.551,0.756,0.401,0.682936135,4.948514023,6.509536785,32.21253406,7.35584194,-0.04829978,-0.073845373,0.654066438,8.086081997,7.467411163,1.08284944,31.51020758,0.034365037
US Sailing,US Sailing-8,2.592215918,19222490.44,0.151439669,0.551,0.756,0.401,0.682936135,4.948514023,6.509536785,32.21253406,7.35584194,-0.04829978,-0.073845373,0.654066438,8.086081997,7.467411163,1.08284944,31.51020758,0.034365037
US Sailing,US Sailing-8,3.205057358,20560997.19,0.161984765,0.551,0.756,0.401,0.682936135,4.948514023,6.509536785,32.21253406,7.35584194,-0.04829978,-0.073845373,0.654066438,8.086081997,7.467411163,1.08284944,31.51020758,0.034365037
US Sailing,US Sailing-8,3.605089365,21842829.93,0.172083369,0.551,0.756,0.401,0.682936135,4.948514023,6.509536785,32.21253406,7.35584194,-0.04829978,-0.073845373,0.654066438,8.086081997,7.467411163,1.08284944,31.51020758,0.034365037
US Sailing,US Sailing-8,3.987213929,23338023.64,0.183862886,0.551,0.756,0.401,0.682936135,4.948514023,6.509536785,32.21253406,7.35584194,-0.04829978,-0.073845373,0.654066438,8.086081997,7.467411163,1.08284944,31.51020758,0.034365037
US Sailing,US Sailing-8,4.304625162,23998109.16,0.189063207,0.551,0.756,0.401,0.682936135,4.948514023,6.509536785,32.21253406,7.35584194,-0.04829978,-0.073845373,0.654066438,8.086081997,7.467411163,1.08284944,31.51020758,0.034365037
US Sailing,US Sailing-8,4.547295818,24643192.74,0.19414534,0.551,0.756,0.401,0.682936135,4.948514023,6.509536785,32.21253406,7.35584194,-0.04829978,-0.073845373,0.654066438,8.086081997,7.467411163,1.08284944,31.51020758,0.034365037
US Sailing,US Sailing-8,4.297249652,24694866.1,0.194552436,0.551,0.756,0.401,0.682936135,4.948514023,6.509536785,32.21253406,7.35584194,-0.04829978,-0.073845373,0.654066438,8.086081997,7.467411163,1.08284944,31.51020758,0.034365037
US Sailing,US Sailing-8,5.107764072,25936693.65,0.204335869,0.551,0.756,0.401,0.682936135,4.948514023,6.509536785,32.21253406,7.35584194,-0.04829978,-0.073845373,0.654066438,8.086081997,7.467411163,1.08284944,31.51020758,0.034365037
US Sailing,US Sailing-8,5.373733851,27443555.55,0.21620731,0.551,0.756,0.401,0.682936135,4.948514023,6.509536785,32.21253406,7.35584194,-0.04829978,-0.073845373,0.654066438,8.086081997,7.467411163,1.08284944,31.51020758,0.034365037
US Sailing,US Sailing-8,7.345299442,30863998.69,0.243154431,0.551,0.756,0.401,0.682936135,4.948514023,6.509536785,32.21253406,7.35584194,-0.04829978,-0.073845373,0.654066438,8.086081997,7.467411163,1.08284944,31.51020758,0.034365037
US Sailing,US Sailing-8,9.293839493,34317779.5,0.270364195,0.551,0.756,0.401,0.682936135,4.948514023,6.509536785,32.21253406,7.35584194,-0.04829978,-0.073845373,0.654066438,8.086081997,7.467411163,1.08284944,31.51020758,0.034365037
US Sailing,US Sailing-8,11.70093788,37743223.29,0.297350712,0.551,0.756,0.401,0.682936135,4.948514023,6.509536785,32.21253406,7.35584194,-0.04829978,-0.073845373,0.654066438,8.086081997,7.467411163,1.08284944,31.51020758,0.034365037
US Sailing,US Sailing-8,14.93213867,41498709.85,0.326937391,0.551,0.756,0.401,0.682936135,4.948514023,6.509536785,32.21253406,7.35584194,-0.04829978,-0.073845373,0.654066438,8.086081997,7.467411163,1.08284944,31.51020758,0.034365037
US Sailing,US Sailing-8,17.61953691,44572441.41,0.35115303,0.551,0.756,0.401,0.682936135,4.948514023,6.509536785,32.21253406,7.35584194,-0.04829978,-0.073845373,0.654066438,8.086081997,7.467411163,1.08284944,31.51020758,0.034365037
US Sailing,US Sailing-8,22.04652802,48042891.03,0.378494114,0.551,0.756,0.401,0.682936135,4.948514023,6.509536785,32.21253406,7.35584194,-0.04829978,-0.073845373,0.654066438,8.086081997,7.467411163,1.08284944,31.51020758,0.034365037
US Sailing,US Sailing-8,28.80986275,51475002.36,0.40553316,0.551,0.756,0.401,0.682936135,4.948514023,6.509536785,32.21253406,7.35584194,-0.04829978,-0.073845373,0.654066438,8.086081997,7.467411163,1.08284944,31.51020758,0.034365037
US Sailing,US Sailing-8,38.75148115,54857107.21,0.432178242,0.551,0.756,0.401,0.682936135,4.948514023,6.509536785,32.21253406,7.35584194,-0.04829978,-0.073845373,0.654066438,8.086081997,7.467411163,1.08284944,31.51020758,0.034365037
US Sailing,US Sailing-8,50.93697582,58294219.18,0.459256685,0.551,0.756,0.401,0.682936135,4.948514023,6.509536785,32.21253406,7.35584194,-0.04829978,-0.073845373,0.654066438,8.086081997,7.467411163,1.08284944,31.51020758,0.034365037
US Sailing,US Sailing-8,64.10631842,61709661.68,0.486164409,0.551,0.756,0.401,0.682936135,4.948514023,6.509536785,32.21253406,7.35584194,-0.04829978,-0.073845373,0.654066438,8.086081997,7.467411163,1.08284944,31.51020758,0.034365037
US Sailing,US Sailing-8,76.69254136,65156774.95,0.513321644,0.551,0.756,0.401,0.682936135,4.948514023,6.509536785,32.21253406,7.35584194,-0.04829978,-0.073845373,0.654066438,8.086081997,7.467411163,1.08284944,31.51020758,0.034365037
US Sailing,US Sailing-8,89.03875209,68580551.86,0.54029503,0.551,0.756,0.401,0.682936135,4.948514023,6.509536785,32.21253406,7.35584194,-0.04829978,-0.073845373,0.654066438,8.086081997,7.467411163,1.08284944,31.51020758,0.034365037
US Sailing,US Sailing-8,108.9075213,75431439.45,0.594268064,0.551,0.756,0.401,0.682936135,4.948514023,6.509536785,32.21253406,7.35584194,-0.04829978,-0.073845373,0.654066438,8.086081997,7.467411163,1.08284944,31.51020758,0.034365037
US Sailing,US Sailing-8,125.5987672,82310664.05,0.648464345,0.551,0.756,0.401,0.682936135,4.948514023,6.509536785,32.21253406,7.35584194,-0.04829978,-0.073845373,0.654066438,8.086081997,7.467411163,1.08284944,31.51020758,0.034365037
US Sailing,US Sailing-9,1.673376753,13601417.91,0.108086657,0.551,0.757,0.4,0.682037858,4.453959833,8.070336391,35.94495413,7.369375192,-0.048664284,-0.074017356,0.657471264,8.785913474,8.316173122,1.056485158,34.21479452,0.030878021
US Sailing,US Sailing-9,2.034327674,15051550.8,0.119610457,0.551,0.757,0.4,0.682037858,4.453959833,8.070336391,35.94495413,7.369375192,-0.048664284,-0.074017356,0.657471264,8.785913474,8.316173122,1.056485158,34.21479452,0.030878021
US Sailing,US Sailing-9,2.338234623,16297836.44,0.129514339,0.551,0.757,0.4,0.682037858,4.453959833,8.070336391,35.94495413,7.369375192,-0.048664284,-0.074017356,0.657471264,8.785913474,8.316173122,1.056485158,34.21479452,0.030878021
US Sailing,US Sailing-9,2.531847921,17098309.8,0.135875477,0.551,0.757,0.4,0.682037858,4.453959833,8.070336391,35.94495413,7.369375192,-0.048664284,-0.074017356,0.657471264,8.785913474,8.316173122,1.056485158,34.21479452,0.030878021
US Sailing,US Sailing-9,3.144008746,19148383.39,0.152166837,0.551,0.757,0.4,0.682037858,4.453959833,8.070336391,35.94495413,7.369375192,-0.048664284,-0.074017356,0.657471264,8.785913474,8.316173122,1.056485158,34.21479452,0.030878021
US Sailing,US Sailing-9,3.583696823,20444387.88,0.162465822,0.551,0.757,0.4,0.682037858,4.453959833,8.070336391,35.94495413,7.369375192,-0.048664284,-0.074017356,0.657471264,8.785913474,8.316173122,1.056485158,34.21479452,0.030878021
US Sailing,US Sailing-9,4.059206515,21844801.93,0.17359452,0.551,0.757,0.4,0.682037858,4.453959833,8.070336391,35.94495413,7.369375192,-0.048664284,-0.074017356,0.657471264,8.785913474,8.316173122,1.056485158,34.21479452,0.030878021
US Sailing,US Sailing-9,4.539509253,23210412.79,0.184446647,0.551,0.757,0.4,0.682037858,4.453959833,8.070336391,35.94495413,7.369375192,-0.048664284,-0.074017356,0.657471264,8.785913474,8.316173122,1.056485158,34.21479452,0.030878021
US Sailing,US Sailing-9,4.85083149,23949566.24,0.190320492,0.551,0.757,0.4,0.682037858,4.453959833,8.070336391,35.94495413,7.369375192,-0.048664284,-0.074017356,0.657471264,8.785913474,8.316173122,1.056485158,34.21479452,0.030878021
US Sailing,US Sailing-9,5.088056272,24569394.48,0.195246093,0.551,0.757,0.4,0.682037858,4.453959833,8.070336391,35.94495413,7.369375192,-0.048664284,-0.074017356,0.657471264,8.785913474,8.316173122,1.056485158,34.21479452,0.030878021
US Sailing,US Sailing-9,5.68455183,25926718.87,0.20603237,0.551,0.757,0.4,0.682037858,4.453959833,8.070336391,35.94495413,7.369375192,-0.048664284,-0.074017356,0.657471264,8.785913474,8.316173122,1.056485158,34.21479452,0.030878021
US Sailing,US Sailing-9,6.30773585,27264155.72,0.216660606,0.551,0.757,0.4,0.682037858,4.453959833,8.070336391,35.94495413,7.369375192,-0.048664284,-0.074017356,0.657471264,8.785913474,8.316173122,1.056485158,34.21479452,0.030878021
US Sailing,US Sailing-9,8.191808042,30686469.35,0.243856773,0.551,0.757,0.4,0.682037858,4.453959833,8.070336391,35.94495413,7.369375192,-0.048664284,-0.074017356,0.657471264,8.785913474,8.316173122,1.056485158,34.21479452,0.030878021
US Sailing,US Sailing-9,10.31090454,34140271.58,0.271303172,0.551,0.757,0.4,0.682037858,4.453959833,8.070336391,35.94495413,7.369375192,-0.048664284,-0.074017356,0.657471264,8.785913474,8.316173122,1.056485158,34.21479452,0.030878021
US Sailing,US Sailing-9,12.99451335,37502922.6,0.298025217,0.551,0.757,0.4,0.682037858,4.453959833,8.070336391,35.94495413,7.369375192,-0.048664284,-0.074017356,0.657471264,8.785913474,8.316173122,1.056485158,34.21479452,0.030878021
US Sailing,US Sailing-9,16.07860739,40936837.3,0.325313575,0.551,0.757,0.4,0.682037858,4.453959833,8.070336391,35.94495413,7.369375192,-0.048664284,-0.074017356,0.657471264,8.785913474,8.316173122,1.056485158,34.21479452,0.030878021
US Sailing,US Sailing-9,19.59326992,44345892.57,0.352404382,0.551,0.757,0.4,0.682037858,4.453959833,8.070336391,35.94495413,7.369375192,-0.048664284,-0.074017356,0.657471264,8.785913474,8.316173122,1.056485158,34.21479452,0.030878021
US Sailing,US Sailing-9,24.17563194,47754947.85,0.379495189,0.551,0.757,0.4,0.682037858,4.453959833,8.070336391,35.94495413,7.369375192,-0.048664284,-0.074017356,0.657471264,8.785913474,8.316173122,1.056485158,34.21479452,0.030878021
US Sailing,US Sailing-9,31.41746695,51155716.65,0.406520146,0.551,0.757,0.4,0.682037858,4.453959833,8.070336391,35.94495413,7.369375192,-0.048664284,-0.074017356,0.657471264,8.785913474,8.316173122,1.056485158,34.21479452,0.030878021
US Sailing,US Sailing-9,41.43820067,54594603.23,0.433848014,0.551,0.757,0.4,0.682037858,4.453959833,8.070336391,35.94495413,7.369375192,-0.048664284,-0.074017356,0.657471264,8.785913474,8.316173122,1.056485158,34.21479452,0.030878021
US Sailing,US Sailing-9,53.69181173,58023546.04,0.461096862,0.551,0.757,0.4,0.682037858,4.453959833,8.070336391,35.94495413,7.369375192,-0.048664284,-0.074017356,0.657471264,8.785913474,8.316173122,1.056485158,34.21479452,0.030878021
US Sailing,US Sailing-9,67.25569353,61402770.01,0.487950608,0.551,0.757,0.4,0.682037858,4.453959833,8.070336391,35.94495413,7.369375192,-0.048664284,-0.074017356,0.657471264,8.785913474,8.316173122,1.056485158,34.21479452,0.030878021
US Sailing,US Sailing-9,80.78983187,64815139.87,0.515067755,0.551,0.757,0.4,0.682037858,4.453959833,8.070336391,35.94495413,7.369375192,-0.048664284,-0.074017356,0.657471264,8.785913474,8.316173122,1.056485158,34.21479452,0.030878021
US Sailing,US Sailing-9,93.81385178,68205964.9,0.542013691,0.551,0.757,0.4,0.682037858,4.453959833,8.070336391,35.94495413,7.369375192,-0.048664284,-0.074017356,0.657471264,8.785913474,8.316173122,1.056485158,34.21479452,0.030878021
US Sailing,US Sailing-9,115.5991182,75012474.39,0.596103115,0.551,0.757,0.4,0.682037858,4.453959833,8.070336391,35.94495413,7.369375192,-0.048664284,-0.074017356,0.657471264,8.785913474,8.316173122,1.056485158,34.21479452,0.030878021
US Sailing,US Sailing-9,134.8115059,81840528.7,0.650363749,0.551,0.757,0.4,0.682037858,4.453959833,8.070336391,35.94495413,7.369375192,-0.048664284,-0.074017356,0.657471264,8.785913474,8.316173122,1.056485158,34.21479452,0.030878021
